name,link,action_url,index
x,http://suratthani.mol.go.th/,https://suratthani2.mol.go.th/wp-admin/post-new.php?post_type=web_links,53
ลิ้งที่เกี่ยวข้อง,http://yala.mol.go.th/link,https://yala2.mol.go.th/wp-admin/post-new.php?post_type=web_links,52
ลิ้งที่เกี่ยวข้อง,http://phuket.mol.go.th/link,https://phuket2.mol.go.th/wp-admin/post-new.php?post_type=web_links,51
ลิ้งที่เกี่ยวข้อง,http://nakhonsithammarat.mol.go.th/link,https://nakhonsithammarat2.mol.go.th/wp-admin/post-new.php?post_type=web_links,50
x,http://nakhonsithammarat.mol.go.th/khuumuuekaaraihbrikaarprachaachn_lngewb_laasud_3.pdf,https://nakhonsithammarat2.mol.go.th/wp-admin/post-new.php?post_type=web_links,49
x,http://lampang.mol.go.th/mailto:lampangmol@gmail.com,https://lampang2.mol.go.th/wp-admin/post-new.php?post_type=web_links,48
x,http://lampang.mol.go.th/LabourLP,https://lampang2.mol.go.th/wp-admin/post-new.php?post_type=web_links,47
x,http://lampang.mol.go.th/mots1-en_resize.png,https://lampang2.mol.go.th/wp-admin/post-new.php?post_type=web_links,46
ลิ้งที่เกี่ยวข้อง,http://maehongson.mol.go.th/link,https://maehongson2.mol.go.th/wp-admin/post-new.php?post_type=web_links,45
ลิ้งที่เกี่ยวข้อง,http://phichit.mol.go.th/link,https://phichit2.mol.go.th/wp-admin/post-new.php?post_type=web_links,44
ลิ้งที่เกี่ยวข้อง,http://nan.mol.go.th/link,https://nan2.mol.go.th/wp-admin/post-new.php?post_type=web_links,43
ลิ้งที่เกี่ยวข้อง,http://nakhonsawan.mol.go.th/link,https://nakhonsawan2.mol.go.th/wp-admin/post-new.php?post_type=web_links,42
x,http://chiangmai.mol.go.th/v20180719_1110184118125851_pf.htm,https://chiangmai2.mol.go.th/wp-admin/post-new.php?post_type=web_links,41
ลิ้งที่เกี่ยวข้อง,http://phetchabun.mol.go.th/link,https://phetchabun2.mol.go.th/wp-admin/post-new.php?post_type=web_links,40
ลิ้งที่เกี่ยวข้อง,http://kamphaengphet.mol.go.th/link,https://kamphaengphet2.mol.go.th/wp-admin/post-new.php?post_type=web_links,39
ลิ้งที่เกี่ยวข้อง,http://nongkhai.mol.go.th/link,https://nongkhai2.mol.go.th/wp-admin/post-new.php?post_type=web_links,38
x,http://surin.mol.go.th/14502953_1089866477715537_2200860739227723448_n.jpg,https://surin2.mol.go.th/wp-admin/post-new.php?post_type=web_links,37
ลิ้งที่เกี่ยวข้อง,http://sisaket.mol.go.th/link,https://sisaket2.mol.go.th/wp-admin/post-new.php?post_type=web_links,36
ลิ้งที่เกี่ยวข้อง,http://loei.mol.go.th/link,https://loei2.mol.go.th/wp-admin/post-new.php?post_type=web_links,35
ลิ้งที่เกี่ยวข้อง,http://roiet.mol.go.th/link,https://roiet2.mol.go.th/wp-admin/post-new.php?post_type=web_links,34
ลิ้งที่เกี่ยวข้อง,http://yasothon.mol.go.th/link,https://yasothon2.mol.go.th/wp-admin/post-new.php?post_type=web_links,33
ลิ้งที่เกี่ยวข้อง,http://mahasarakham.mol.go.th/link,https://mahasarakham2.mol.go.th/wp-admin/post-new.php?post_type=web_links,32
ลิ้งที่เกี่ยวข้อง,http://buriram.mol.go.th/link,https://buriram2.mol.go.th/wp-admin/post-new.php?post_type=web_links,31
ลิ้งที่เกี่ยวข้อง,http://nakhonratchasima.mol.go.th/link,https://nakhonratchasima2.mol.go.th/wp-admin/post-new.php?post_type=web_links,30
ลิ้งที่เกี่ยวข้อง,http://nakhonphanom.mol.go.th/link,https://nakhonphanom2.mol.go.th/wp-admin/post-new.php?post_type=web_links,29
ลิ้งที่เกี่ยวข้อง,http://chaiyaphum.mol.go.th/link,https://chaiyaphum2.mol.go.th/wp-admin/post-new.php?post_type=web_links,28
ลิ้งที่เกี่ยวข้อง,http://khonkaen.mol.go.th/link,https://khonkaen2.mol.go.th/wp-admin/post-new.php?post_type=web_links,27
ลิ้งที่เกี่ยวข้อง,http://kalasin.mol.go.th/link,https://kalasin2.mol.go.th/wp-admin/post-new.php?post_type=web_links,26
ลิ้งที่เกี่ยวข้อง,http://sakaeo.mol.go.th/link,https://sakaeo2.mol.go.th/wp-admin/post-new.php?post_type=web_links,25
ลิ้งที่เกี่ยวข้อง,http://rayong.mol.go.th/link,https://rayong2.mol.go.th/wp-admin/post-new.php?post_type=web_links,24
ลิ้งที่เกี่ยวข้อง,http://nakhonnayok.mol.go.th/link,https://nakhonnayok2.mol.go.th/wp-admin/post-new.php?post_type=web_links,23
ลิ้งที่เกี่ยวข้อง,http://trat.mol.go.th/link,https://trat2.mol.go.th/wp-admin/post-new.php?post_type=web_links,22
ลิ้งที่เกี่ยวข้อง,http://chachoengsao.mol.go.th/link,https://chachoengsao2.mol.go.th/wp-admin/post-new.php?post_type=web_links,21
ลิ้งที่เกี่ยวข้อง,http://chanthaburi.mol.go.th/link,https://chanthaburi2.mol.go.th/wp-admin/post-new.php?post_type=web_links,20
x,http://angthong.mol.go.th/khaaniym_12_prakaar_0.jpg,https://angthong2.mol.go.th/wp-admin/post-new.php?post_type=web_links,19
x,http://angthong.mol.go.th/189283_0.jpg,https://angthong2.mol.go.th/wp-admin/post-new.php?post_type=web_links,18
ลิ้งที่เกี่ยวข้อง,http://angthong.mol.go.th/link,https://angthong2.mol.go.th/wp-admin/post-new.php?post_type=web_links,17
x,http://singburi.mol.go.th/ngwdthii2_2562_1.pdf,https://singburi2.mol.go.th/wp-admin/post-new.php?post_type=web_links,16
x,http://singburi.mol.go.th/ngwdthii1_2562_2.pdf,https://singburi2.mol.go.th/wp-admin/post-new.php?post_type=web_links,15
x,http://singburi.mol.go.th/k.y.61.pdf,https://singburi2.mol.go.th/wp-admin/post-new.php?post_type=web_links,14
x,http://singburi.mol.go.th/s.kh_.61.pdf,https://singburi2.mol.go.th/wp-admin/post-new.php?post_type=web_links,13
x,http://singburi.mol.go.th/k.kh_.61_0.pdf,https://singburi2.mol.go.th/wp-admin/post-new.php?post_type=web_links,12
x,http://singburi.mol.go.th/mi.y.61_0.pdf,https://singburi2.mol.go.th/wp-admin/post-new.php?post_type=web_links,11
x,http://singburi.mol.go.th/ph.kh_.61_0.pdf,https://singburi2.mol.go.th/wp-admin/post-new.php?post_type=web_links,10
x,http://singburi.mol.go.th/em.y.61_0.pdf,https://singburi2.mol.go.th/wp-admin/post-new.php?post_type=web_links,9
x,http://singburi.mol.go.th/mii.kh_.61_0.pdf,https://singburi2.mol.go.th/wp-admin/post-new.php?post_type=web_links,8
x,http://singburi.mol.go.th/k.ph_.61_0.pdf,https://singburi2.mol.go.th/wp-admin/post-new.php?post_type=web_links,7
x,http://singburi.mol.go.th/m.kh_.61_0.pdf,https://singburi2.mol.go.th/wp-admin/post-new.php?post_type=web_links,6
x,http://singburi.mol.go.th/th.kh_.60_0.pdf,https://singburi2.mol.go.th/wp-admin/post-new.php?post_type=web_links,5
x,http://singburi.mol.go.th/ph.y.60_0.pdf,https://singburi2.mol.go.th/wp-admin/post-new.php?post_type=web_links,4
x,http://singburi.mol.go.th/t.kh_.60_4.pdf,https://singburi2.mol.go.th/wp-admin/post-new.php?post_type=web_links,3
ลิ้งที่เกี่ยวข้อง,http://singburi.mol.go.th/link,https://singburi2.mol.go.th/wp-admin/post-new.php?post_type=web_links,2
x,http://saraburi.mol.go.th/mailto:saraburi.mol@gmail.com,https://saraburi2.mol.go.th/wp-admin/post-new.php?post_type=web_links,1
x,http://saraburi.mol.go.th/mailto:saraburi_labor@hotmail.com,https://saraburi2.mol.go.th/wp-admin/post-new.php?post_type=web_links,0
