address,new_url,iframe,action_url
สำนักงานแรงงานจังหวัดอุบลราชธานี ศาลากลางจังหวัดอุบลราชธานี ชั้น 2 ถนนแจ้งสนิท ตำบลแจระแม อำเภอเมือง จังหวัดอุบลราชธานี 34000,ubonratchathani2.mol.go.th,"<iframe src=""https://www.google.com/maps/embed?pb=!1m18!1m12!1m3!1d15396.317901930717!2d104.81400657905814!3d15.263461130987787!2m3!1f0!2f0!3f0!3m2!1i1024!2i768!4f13.1!3m3!1m2!1s0x31168876e63fa12b%3A0x68b0ceca16081e5!2z4Lio4Liy4Lil4Liy4LiB4Lil4Liy4LiH4LiI4Lix4LiH4Lir4Lin4Lix4LiU4Lit4Li44Lia4Lil4Lij4Liy4LiK4LiY4Liy4LiZ4Li1!5e0!3m2!1sen!2sth!4v1545024061011"" width=""600"" height=""450"" frameborder=""0"" style=""border:0"" allowfullscreen></iframe>",https://ubonratchathani2.mol.go.th/wp-admin/post.php?post=180&action=edit
สำนักงานแรงงานจังหวัดกำแพงเพชร ศาลากลางจังหวัด ชั้น2 ตำบลหนองปลิง อำเภอเมือง จังหวัดกำแพงเพชร 62000,kamphaengphet2.mol.go.th,"<iframe src=""https://www.google.com/maps/embed?pb=!1m18!1m12!1m3!1d3824.42658578236!2d99.50908391491183!3d16.55502173063274!2m3!1f0!2f0!3f0!3m2!1i1024!2i768!4f13.1!3m3!1m2!1s0x30de186c94dbdb8d%3A0x9bdc3610290b37fd!2z4Liq4Liz4LiZ4Lix4LiB4LiH4Liy4LiZ4LiI4Lix4LiU4Lir4Liy4LiH4Liy4LiZ4LiI4Lix4LiH4Lir4Lin4Lix4LiU4LiB4Liz4LmB4Lie4LiH4LmA4Lie4LiK4Lij!5e0!3m2!1sen!2sth!4v1545024101538"" width=""600"" height=""450"" frameborder=""0"" style=""border:0"" allowfullscreen></iframe>",https://kamphaengphet2.mol.go.th/wp-admin/post.php?post=180&action=edit
สำนักงานแรงงานจังหวัดเพชรบูรณ์ ศาลากลางจังหวัด ชั้น 3 ถนนสระบุรี-หล่มสัก ตำบลสะเดียง อำเภอเมืองเพชรบูรณ์ จังหวัดเพชรบูรณ์ 67000,phetchabun2.mol.go.th,"<iframe src=""https://www.google.com/maps/embed?pb=!1m18!1m12!1m3!1d15305.995041783615!2d101.14528367922763!3d16.450263897760273!2m3!1f0!2f0!3f0!3m2!1i1024!2i768!4f13.1!3m3!1m2!1s0x31203a8356cf992f%3A0x66048968084f6b67!2sPhetchabun+Provincial+Labor+Protection+and+Welfare+Office!5e0!3m2!1sen!2sth!4v1545024136946"" width=""600"" height=""450"" frameborder=""0"" style=""border:0"" allowfullscreen></iframe>",https://phetchabun2.mol.go.th/wp-admin/post.php?post=180&action=edit
สำนักงานแรงงานจังหวัดเชียงราย ศูนย์ราชการกระทรวงแรงงาน ถนนศูนย์ราชการ ตำบลริมกก อำเภอเมือง จังหวัดเชียงราย 57100,chiangrai2.mol.go.th,"<iframe src=""https://www.google.com/maps/embed?pb=!1m18!1m12!1m3!1d3750.862990286788!2d99.864109864948!3d19.93017762974564!2m3!1f0!2f0!3f0!3m2!1i1024!2i768!4f13.1!3m3!1m2!1s0x30d7071a25af6f31%3A0x9888393dd282bc14!2z4Liq4Liz4LiZ4Lix4LiB4LiH4Liy4LiZ4LmB4Lij4LiH4LiH4Liy4LiZ4LiI4Lix4LiH4Lir4Lin4Lix4LiU4LmA4LiK4Li14Lii4LiH4Lij4Liy4Lii!5e0!3m2!1sen!2sth!4v1545024162017"" width=""600"" height=""450"" frameborder=""0"" style=""border:0"" allowfullscreen></iframe>",https://chiangrai2.mol.go.th/wp-admin/post.php?post=180&action=edit
สำนักงานแรงงานจังหวัดเชียงใหม่ ศาลากลางจังหวัด ชั้น1 ถนนโชตนา อำเภอเมือง จ.เชียงใหม่ 50300,chiangmai2.mol.go.th,"<iframe src=""https://www.google.com/maps/embed?pb=!1m18!1m12!1m3!1d3776.116883052712!2d98.96899276493536!3d18.83747006432178!2m3!1f0!2f0!3f0!3m2!1i1024!2i768!4f13.1!3m3!1m2!1s0x30da3b0703ec3657%3A0xf72d746416cc8de3!2z4Liq4Liz4LiZ4Lix4LiB4LiH4Liy4LiZ4LmB4Lij4LiH4LiH4Liy4LiZ4LiI4Lix4LiH4Lir4Lin4Lix4LiU4LmA4LiK4Li14Lii4LiH4LmD4Lir4Lih4LmI!5e0!3m2!1sen!2sth!4v1545024184809"" width=""600"" height=""450"" frameborder=""0"" style=""border:0"" allowfullscreen></iframe>",https://chiangmai2.mol.go.th/wp-admin/post.php?post=180&action=edit
สำนักงานแรงงานจังหวัดตาก ศาลาากลางจังหวัด ชั้น1 ถนนพหลโยธิน อำเภอเมือง จังหวัดตาก 63000,tak2.mol.go.th,"<iframe src=""https://www.google.com/maps/embed?pb=!1m18!1m12!1m3!1d3817.831416328832!2d99.123147814915!3d16.88423202156496!2m3!1f0!2f0!3f0!3m2!1i1024!2i768!4f13.1!3m3!1m2!1s0x30ddd9c31c30d2c5%3A0x4a824fdf5715bcbb!2sTak+Provincial+Hall!5e0!3m2!1sen!2sth!4v1545024215021"" width=""600"" height=""450"" frameborder=""0"" style=""border:0"" allowfullscreen></iframe>",https://tak2.mol.go.th/wp-admin/post.php?post=180&action=edit
สำนักงานแรงงานจังหวัดนครสวรรค์ ศาลากลางจังหวัด ชั้น3 ถนนสวรรค์วิถี อำเภอเมือง จังหวัดนครสวรรค์ 60000,nakhonsawan2.mol.go.th,"<iframe src=""https://www.google.com/maps/embed?pb=!1m18!1m12!1m3!1d3841.0440885312496!2d100.12430931490397!3d15.69581115350559!2m3!1f0!2f0!3f0!3m2!1i1024!2i768!4f13.1!3m3!1m2!1s0x30e04f077668b7ff%3A0xf36187f5e3d435a6!2z4Liq4Liz4LiZ4Lix4LiB4LiH4Liy4LiZ4LmB4Lij4LiH4LiH4Liy4LiZ4LiI4Lix4LiH4Lir4Lin4Lix4LiU4LiZ4LiE4Lij4Liq4Lin4Lij4Lij4LiE4LmM!5e0!3m2!1sen!2sth!4v1545024233455"" width=""600"" height=""450"" frameborder=""0"" style=""border:0"" allowfullscreen></iframe>",https://nakhonsawan2.mol.go.th/wp-admin/post.php?post=180&action=edit
สำนักงานแรงงานจังหวัดน่าน ศาลากลางชั้น 1 ตำบลไชยสถาน อำเภอเมือง จังหวัดน่าน 55000,nan2.mol.go.th,"<iframe src=""https://www.google.com/maps/embed?pb=!1m18!1m12!1m3!1d3777.0253357960783!2d100.73044036493486!3d18.797024215566633!2m3!1f0!2f0!3f0!3m2!1i1024!2i768!4f13.1!3m3!1m2!1s0x0%3A0x4add4980829cc2cf!2z4Liq4Liz4LiZ4Lix4LiB4LiH4Liy4LiZ4LiI4Lix4LiU4Lir4Liy4LiH4Liy4LiZ4LiI4Lix4LiH4Lir4Lin4Lix4LiU4LiZ4LmI4Liy4LiZ!5e0!3m2!1sen!2sth!4v1545024285570"" width=""600"" height=""450"" frameborder=""0"" style=""border:0"" allowfullscreen></iframe>",https://nan2.mol.go.th/wp-admin/post.php?post=180&action=edit
สำนักงานแรงงานจังหวัดพะเยา ศาลากลางจังหวัด (หลังเก่า) ชั้น2 อำเภอเมือง จังหวัดพะเยา 560000,phayao2.mol.go.th,"<iframe src=""https://www.google.com/maps/embed?pb=!1m18!1m12!1m3!1d60286.52998110291!2d99.84877193656531!3d19.199214834679573!2m3!1f0!2f0!3f0!3m2!1i1024!2i768!4f13.1!3m3!1m2!1s0x30d82cd324b142d9%3A0x9952f6a137dbad38!2z4Liq4Liz4LiZ4Lix4LiB4LiH4Liy4LiZIOC5geC4o-C4h-C4h-C4suC4meC4iOC4seC4h-C4q-C4p-C4seC4lOC4nuC4sOC5gOC4ouC4sg!5e0!3m2!1sen!2sth!4v1545024311123"" width=""600"" height=""450"" frameborder=""0"" style=""border:0"" allowfullscreen></iframe>",https://phayao2.mol.go.th/wp-admin/post.php?post=180&action=edit
สำนักงานแรงงานจังหวัดพิจิตร ศาลากลางจังหวัด อาคารใหม่ ชั้น2 ต.ท่าหลวง อ.เมือง จ.พิจิตร 66000,phichit2.mol.go.th,"<iframe src=""https://www.google.com/maps/embed?pb=!1m18!1m12!1m3!1d7654.07433523542!2d100.36959702475303!3d16.42293864578566!2m3!1f0!2f0!3f0!3m2!1i1024!2i768!4f13.1!3m3!1m2!1s0x30dfe5b5c0b64089%3A0xddd4165ebfb6025c!2z4Liq4Liz4LiZ4Lix4LiB4LiH4Liy4LiZIOC5geC4o-C4h-C4h-C4suC4meC4iOC4seC4h-C4q-C4p-C4seC4lOC4nuC4tOC4iOC4tOC4leC4ow!5e0!3m2!1sen!2sth!4v1545024331511"" width=""600"" height=""450"" frameborder=""0"" style=""border:0"" allowfullscreen></iframe>",https://phichit2.mol.go.th/wp-admin/post.php?post=180&action=edit
สำนักงานแรงงานจังหวัดพิษณุโลก ศาลากลางจังหวัดหลังใหม่ ชั้น3 ถนนวังจันทร์ อำเภอเมือง จังหวัดพิษณุโลก 65000,phitsanulok2.mol.go.th,"<iframe src=""https://www.google.com/maps/embed?pb=!1m18!1m12!1m3!1d7638.09743767526!2d100.26233797476829!3d16.823939023325373!2m3!1f0!2f0!3f0!3m2!1i1024!2i768!4f13.1!3m3!1m2!1s0x30dfbd0370c90147%3A0x417e35a24587926d!2z4Liq4Liz4LiZ4Lix4LiB4LiH4Liy4LiZ4LmB4Lij4LiH4LiH4Liy4LiZ4LiI4Lix4LiH4Lir4Lin4Lix4LiU4Lie4Li04Lip4LiT4Li44LmC4Lil4LiB!5e0!3m2!1sen!2sth!4v1545024353231"" width=""600"" height=""450"" frameborder=""0"" style=""border:0"" allowfullscreen></iframe>",https://phitsanulok2.mol.go.th/wp-admin/post.php?post=180&action=edit
สำนักงานแรงงานจังหวัดแพร่ ศาลากลางจังหวัด ชั้น4 ถนนไชยบูรณ์ ตำบลในเวียง อำเภอเมือง จังหวัดแพร่ 54000,phrae2.mol.go.th,"<iframe src=""https://www.google.com/maps/embed?pb=!1m18!1m12!1m3!1d7583.148091577629!2d100.12928292482151!3d18.137451246302746!2m3!1f0!2f0!3f0!3m2!1i1024!2i768!4f13.1!3m3!1m2!1s0x30d8c2670bc041df%3A0xd8f8e560623e5646!2z4Liq4Liz4LiZ4Lix4LiB4LiH4Liy4LiZIOC5geC4o-C4h-C4h-C4suC4meC4iOC4seC4h-C4q-C4p-C4seC4lOC5geC4nuC4o-C5iA!5e0!3m2!1sen!2sth!4v1545024373194"" width=""600"" height=""450"" frameborder=""0"" style=""border:0"" allowfullscreen></iframe>",https://phrae2.mol.go.th/wp-admin/post.php?post=180&action=edit
สำนักงานแรงงานจังหวัดแม่ฮ่องสอน ศาลากลางจังหวัด ชั้น 1 ถนนขุนลุมประพาส อำเภอเมือง จังหวัดแม่ฮ่องสอน 58000,maehongson2.mol.go.th,"<iframe src=""https://www.google.com/maps/embed?pb=!1m18!1m12!1m3!1d3765.867869819939!2d97.96237701494043!3d19.288111350283017!2m3!1f0!2f0!3f0!3m2!1i1024!2i768!4f13.1!3m3!1m2!1s0x30daa5f1aaaaaaab%3A0x92f14136e91c3f41!2sMae+Hong+Son+City+Hall!5e0!3m2!1sen!2sth!4v1545024436302"" width=""600"" height=""450"" frameborder=""0"" style=""border:0"" allowfullscreen></iframe>",https://maehongson2.mol.go.th/wp-admin/post.php?post=180&action=edit
สำนักงานแรงงานจังหวัดลำปาง ศาลากลางจังหวัดชั้น 2 ถนนวชิราวุธดำเนิน ตำบลพระบาท อำเภอเมือง จังหวัดลำปาง 52000,lampang2.mol.go.th,"<iframe src=""https://www.google.com/maps/embed?pb=!1m18!1m12!1m3!1d3788.95284186838!2d99.54206651492899!3d18.25798328191724!2m3!1f0!2f0!3f0!3m2!1i1024!2i768!4f13.1!3m3!1m2!1s0x30d96b9c2513819f%3A0xda924f35ec3cc15f!2z4Liq4Liz4LiZ4Lix4LiB4LiH4Liy4LiZIOC5geC4o-C4h-C4h-C4suC4meC4iOC4seC4h-C4q-C4p-C4seC4lOC4peC4s-C4m-C4suC4hw!5e0!3m2!1sen!2sth!4v1545024492879"" width=""600"" height=""450"" frameborder=""0"" style=""border:0"" allowfullscreen></iframe>",https://lampang2.mol.go.th/wp-admin/post.php?post=180&action=edit
สำนักงานแรงงานจังหวัดลำพูน อาคารศูนย์ราชการกระทรวงแรงงาน ชั้น 4A หมู่10 ตำบลบ้านกลาง อำเภอเมือง จังหวัดลำพูน 51000,lamphun2.mol.go.th,"<iframe src=""https://www.google.com/maps/embed?pb=!1m18!1m12!1m3!1d3782.1521202799245!2d99.03567751493235!3d18.567179372592967!2m3!1f0!2f0!3f0!3m2!1i1024!2i768!4f13.1!3m3!1m2!1s0x30dbd2c1d36b9d41%3A0x18578f8e9ba9f447!2z4Liq4Liz4LiZ4Lix4LiB4LiH4Liy4LiZ4LmB4Lij4LiH4LiH4Liy4LiZ4LiI4Lix4LiH4Lir4Lin4Lix4LiU4Lil4Liz4Lie4Li54LiZ!5e0!3m2!1sen!2sth!4v1545024520204"" width=""600"" height=""450"" frameborder=""0"" style=""border:0"" allowfullscreen></iframe>",https://lamphun2.mol.go.th/wp-admin/post.php?post=180&action=edit
สำนักงานแรงงานจังหวัดสุโขทัย ศาลากลางจังหวัด ชั้น4 ถนนนิกรเกษม อำเภอเมือง จังหวัดสุโขทัย 64000,sukhothai2.mol.go.th,"<iframe src=""https://www.google.com/maps/embed?pb=!1m18!1m12!1m3!1d3815.365134552843!2d99.82426441491609!3d17.005750718175342!2m3!1f0!2f0!3f0!3m2!1i1024!2i768!4f13.1!3m3!1m2!1s0x30de55cdaaaaaaab%3A0x232850fb41be5401!2sSukhothai+City+Hall!5e0!3m2!1sen!2sth!4v1545024582281"" width=""600"" height=""450"" frameborder=""0"" style=""border:0"" allowfullscreen></iframe>",https://sukhothai2.mol.go.th/wp-admin/post.php?post=180&action=edit
สำนักงานแรงงานจังหวัดอุตรดิตถ์ ศาลากลางจังหวัด ชั้น2 ถนนประชานิมิตร อำเภอเมือง จังหวัดอุตรดิตถ์ 53000,uttaradit2.mol.go.th,"<iframe src=""https://www.google.com/maps/embed?pb=!1m18!1m12!1m3!1d15210.555270532028!2d100.0712187294117!3d17.619877908128462!2m3!1f0!2f0!3f0!3m2!1i1024!2i768!4f13.1!3m3!1m2!1s0x30df30185bce1b53%3A0x8861d9f703db280d!2z4Liq4Liz4LiZ4Lix4LiB4LiH4Liy4LiZ4LiI4Lix4LiU4Lir4Liy4LiH4Liy4LiZ4LiI4Lix4LiH4Lir4Lin4Lix4LiU4Lit4Li44LiV4Lij4LiU4Li04LiV4LiW4LmM!5e0!3m2!1sen!2sth!4v1545024706375"" width=""600"" height=""450"" frameborder=""0"" style=""border:0"" allowfullscreen></iframe>",https://uttaradit2.mol.go.th/wp-admin/post.php?post=180&action=edit
สำนักงานแรงงานจังหวัดอุทัยธานี ศาลากลางจังหวัด (หลังเก่า) ชั้น2 ถนนศรีอุทัย ตำบลอุทัยใหม่ จังหวัดอุทัยธานี 61000,uthaithani2.mol.go.th,"<iframe src=""https://www.google.com/maps/embed?pb=!1m18!1m12!1m3!1d7693.943328944217!2d100.02583442471568!3d15.378020851982173!2m3!1f0!2f0!3f0!3m2!1i1024!2i768!4f13.1!3m3!1m2!1s0x30e1af6efff4d077%3A0x76f0ca04718ea1d8!2z4Liq4Liz4LiZ4Lix4LiB4LiH4Liy4LiZ4Liq4Lin4Lix4Liq4LiU4Li04LiB4Liy4Lij4LmB4Lil4Liw4LiE4Li44LmJ4Lih4LiE4Lij4Lit4LiH4LmB4Lij4LiH4LiH4Liy4LiZ4LiI4Lix4LiH4Lir4Lin4Lix4LiU4Lit4Li44LiX4Lix4Lii4LiY4Liy4LiZ4Li1!5e0!3m2!1sen!2sth!4v1545024733362"" width=""600"" height=""450"" frameborder=""0"" style=""border:0"" allowfullscreen></iframe>",https://uthaithani2.mol.go.th/wp-admin/post.php?post=180&action=edit
สำนักงานแรงงานจังหวัดกระบี่ อาคารศูนย์ราชการกระทรวงแรงงานจังหวัดกระบี่ ชั้น ๔ ถนนท่าเรือ ตำบลไสไทย อำเภอเมือง จังหวัดกระบี่ ๘๑๐๐๐,krabi2.mol.go.th,"<iframe src=""https://www.google.com/maps/embed?pb=!1m18!1m12!1m3!1d3950.459369031173!2d98.90216921485987!3d8.054535455705572!2m3!1f0!2f0!3f0!3m2!1i1024!2i768!4f13.1!3m3!1m2!1s0x305194bf3d103201%3A0x98603bb559bfea6!2z4Liq4Liz4LiZ4Lix4LiB4LiH4Liy4LiZ4LmB4Lij4LiH4LiH4Liy4LiZ4LiI4Lix4LiH4Lir4Lin4Lix4LiU4LiB4Lij4Liw4Lia4Li14LmI!5e0!3m2!1sen!2sth!4v1545024883327"" width=""600"" height=""450"" frameborder=""0"" style=""border:0"" allowfullscreen></iframe>",https://krabi2.mol.go.th/wp-admin/post.php?post=180&action=edit
สำนักงานแรงงานจังหวัดชุมพร ศาลากลางจังหวัด ชั้น3 ตำบลนาชะอัง อำเภอเมือง จังหวัดชุมพร 86000,chumphon2.mol.go.th,"<iframe src=""https://www.google.com/maps/embed?pb=!1m18!1m12!1m3!1d323124.1915316949!2d99.10064374772354!3d10.715346764042021!2m3!1f0!2f0!3f0!3m2!1i1024!2i768!4f13.1!3m3!1m2!1s0x30ff552d093c7cf7%3A0xd26538ea4bfa8a2e!2z4Liq4Liz4LiZ4Lix4LiB4LiH4Liy4LiZ4LmB4Lij4LiH4LiH4Liy4LiZ4LiI4Lix4LiH4Lir4Lin4Lix4LiU4LiK4Li44Lih4Lie4Lij!5e0!3m2!1sen!2sth!4v1545025026669"" width=""600"" height=""450"" frameborder=""0"" style=""border:0"" allowfullscreen></iframe>",https://chumphon2.mol.go.th/wp-admin/post.php?post=180&action=edit
สำนักงานแรงงานจังหวัดตรัง ศาลากลางจังหวัด ชั้น4 ถนนพระราม6 อำเภอเมือง จังหวัดตรัง 92000,trang2.mol.go.th,"<iframe src=""https://www.google.com/maps/embed?pb=!1m18!1m12!1m3!1d7910.3875870822085!2d99.61305582454465!3d7.553836313963087!2m3!1f0!2f0!3f0!3m2!1i1024!2i768!4f13.1!3m3!1m2!1s0x304d8c3400000001%3A0x273a9d1815c34bfd!2z4Liq4Liz4LiZ4Lix4LiB4LiH4Liy4LiZIOC5geC4o-C4h-C4h-C4suC4meC4iOC4seC4h-C4q-C4p-C4seC4lOC4leC4o-C4seC4hw!5e0!3m2!1sen!2sth!4v1545025050576"" width=""600"" height=""450"" frameborder=""0"" style=""border:0"" allowfullscreen></iframe>",https://trang2.mol.go.th/wp-admin/post.php?post=180&action=edit
สำนักงานแรงงานจังหวัดนครศรีธรรมราช ศาลากลางจังหวัด ชั้น2 อำเภอเมือง จังหวัดนครศรีธรรมราช 80000,nakhonsithammarat2.mol.go.th,"<iframe src=""https://www.google.com/maps/embed?pb=!1m18!1m12!1m3!1d7893.575048568021!2d99.96428517455415!3d8.422516338920872!2m3!1f0!2f0!3f0!3m2!1i1024!2i768!4f13.1!3m3!1m2!1s0x305301141bfe4129%3A0x2d6cd6be0fb3c0e2!2sNakhon+Si+Thammarat+Provincial+Hall!5e0!3m2!1sen!2sth!4v1545025113128"" width=""600"" height=""450"" frameborder=""0"" style=""border:0"" allowfullscreen></iframe>",https://nakhonsithammarat2.mol.go.th/wp-admin/post.php?post=180&action=edit
สำนักงานแรงงานจังหวัดนราธิวาส ศูนย์ราชการกระทรวงแรงงาน ชั้น4 ตำบลลำภู อำเภอเมือง จังหวัดนราธิวาส 96000,narathiwat2.mol.go.th,"<iframe src=""https://www.google.com/maps/embed?pb=!1m18!1m12!1m3!1d3964.7274029481855!2d101.79372976485647!3d6.429055876037494!2m3!1f0!2f0!3f0!3m2!1i1024!2i768!4f13.1!3m3!1m2!1s0x31b3ee1ade3017db%3A0x6a89767f4d63cf6a!2z4Liq4Liz4LiZ4Lix4LiB4LiH4Liy4LiZ4LmB4Lij4LiH4LiH4Liy4LiZ4LiI4Lix4LiH4Lir4Lin4Lix4LiU4LiZ4Lij4Liy4LiY4Li04Lin4Liy4Liq!5e0!3m2!1sen!2sth!4v1545025186501"" width=""600"" height=""450"" frameborder=""0"" style=""border:0"" allowfullscreen></iframe>",https://narathiwat2.mol.go.th/wp-admin/post.php?post=180&action=edit
สำนักงานแรงงานจังหวัดปัตตานี ศาลากลางจังหวัด ชั้น1 อำเภอเมือง จังหวัดปัตตานี 94000,pattani2.mol.go.th,"<iframe src=""https://www.google.com/maps/embed?pb=!1m18!1m12!1m3!1d3961.0441628300464!2d101.24233491477263!3d6.885313695024622!2m3!1f0!2f0!3f0!3m2!1i1024!2i768!4f13.1!3m3!1m2!1s0x31b303e4db81b975%3A0x87847a68ac8c34ff!2sPattani+Provincial+Employment+Office!5e0!3m2!1sen!2sth!4v1545025324403"" width=""600"" height=""450"" frameborder=""0"" style=""border:0"" allowfullscreen></iframe>",https://pattani2.mol.go.th/wp-admin/post.php?post=180&action=edit
สำนักงานแรงงานจังหวัดพังงา 9/5-6 ถนนเทศบาลบำรุง อำเภอเมือง จังหวัดพังงา 82000,phangnga2.mol.go.th,"<iframe src=""https://www.google.com/maps/embed?pb=!1m18!1m12!1m3!1d7893.08879048234!2d98.52740302455446!3d8.446319988200624!2m3!1f0!2f0!3f0!3m2!1i1024!2i768!4f13.1!3m3!1m2!1s0x3051010eaa7a5a07%3A0xeb25de4217cde7a3!2sPhang-Nga+Labour+Office!5e0!3m2!1sen!2sth!4v1545025352116"" width=""600"" height=""450"" frameborder=""0"" style=""border:0"" allowfullscreen></iframe>",https://phangnga2.mol.go.th/wp-admin/post.php?post=180&action=edit
สำนักงานแรงงานจังหวัดพัทลุง ศาลากลางจังหวัด ชั้น3 ตำบลคูหาสวรรค์ อำเภอเมือง จังหวัดพัทลุง 93000,phatthalung2.mol.go.th,"<iframe src=""https://www.google.com/maps/embed?pb=!1m18!1m12!1m3!1d15818.450093453906!2d100.06405837634098!3d7.617071391667198!2m3!1f0!2f0!3f0!3m2!1i1024!2i768!4f13.1!3m3!1m2!1s0x304d7c9803bbff23%3A0x1e041cb1a3b0e886!2sPhatthalung+Provincial+Labour+Protection+and+Welfare+Office!5e0!3m2!1sen!2sth!4v1545025409688"" width=""600"" height=""450"" frameborder=""0"" style=""border:0"" allowfullscreen></iframe>",https://phatthalung2.mol.go.th/wp-admin/post.php?post=180&action=edit
สำนักงานแรงงานจังหวัดภูเก็ต ศาลากลางจังหวัด อำเภอเมือง จังหวัดภูเก็ต 83000,phuket2.mol.go.th,"<iframe src=""https://www.google.com/maps/embed?pb=!1m18!1m12!1m3!1d15808.503029542246!2d98.38342362840032!3d7.881908764202251!2m3!1f0!2f0!3f0!3m2!1i1024!2i768!4f13.1!3m3!1m2!1s0x3050321dcefeb8b5%3A0x891bdf720d6b61ff!2z4Liq4Liz4LiZ4Lix4LiB4LiH4Liy4LiZ4LmB4Lij4LiH4LiH4Liy4LiZ4LiI4Lix4LiH4Lir4Lin4Lix4LiU4Lig4Li54LmA4LiB4LmH4LiV!5e0!3m2!1sen!2sth!4v1545025433817"" width=""600"" height=""450"" frameborder=""0"" style=""border:0"" allowfullscreen></iframe>",https://phuket2.mol.go.th/wp-admin/post.php?post=180&action=edit
สำนักงานแรงงานจังหวัดยะลา อาคารศูนย์ราชการ กระทรวงแรงงาน ชั้น4 ถนนสุขยางค์ อำเภอเมือง จังหวัดยะลา 95000,yala2.mol.go.th,"<iframe src=""https://www.google.com/maps/embed?pb=!1m18!1m12!1m3!1d3963.9560998313873!2d101.27974826485658!3d6.527228974930655!2m3!1f0!2f0!3f0!3m2!1i1024!2i768!4f13.1!3m3!1m2!1s0x31b37740ea8ac147%3A0xcd9790d9ddb1fec4!2z4Liq4Liz4LiZ4Lix4LiB4LiH4Liy4LiZ4LmB4Lij4LiH4LiH4Liy4LiZ4LiI4Lix4LiH4Lir4Lin4Lix4LiU4Lii4Liw4Lil4Liy!5e0!3m2!1sen!2sth!4v1545025457740"" width=""600"" height=""450"" frameborder=""0"" style=""border:0"" allowfullscreen></iframe>",https://yala2.mol.go.th/wp-admin/post.php?post=180&action=edit
สำนักงานแรงงานจังหวัดระนอง ศาลากลางจังหวัดระนอง ชั้น 3 หมู่ 3 ตำบลบางริ้น อำเภอเมือง จังหวัดระนอง 85000,ranong2.mol.go.th,"<iframe src=""https://www.google.com/maps/embed?pb=!1m18!1m12!1m3!1d250693.10812322705!2d99.16998305508599!3d10.957343531778276!2m3!1f0!2f0!3f0!3m2!1i1024!2i768!4f13.1!3m3!1m2!1s0x30564fedd66d9501%3A0x8afea4fe8b2c76ff!2z4Liq4Liz4LiZ4Lix4LiB4LiH4Liy4LiZIOC5geC4o-C4h-C4h-C4suC4meC4iOC4seC4h-C4q-C4p-C4seC4lOC4o-C4sOC4meC4reC4hw!5e0!3m2!1sen!2sth!4v1545025477383"" width=""600"" height=""450"" frameborder=""0"" style=""border:0"" allowfullscreen></iframe>",https://ranong2.mol.go.th/wp-admin/post.php?post=180&action=edit
สำนักงานแรงงานจังหวัดสงขลา ศาลากลางจังหวัด ชั้น2 (หลังเก่า) อำเภอเมือง จังหวัดสงขลา 90000,songkhla2.mol.go.th,"<iframe src=""https://www.google.com/maps/embed?pb=!1m18!1m12!1m3!1d126696.10926813487!2d100.46631224356824!3d7.0965986045375695!2m3!1f0!2f0!3f0!3m2!1i1024!2i768!4f13.1!3m3!1m2!1s0x304d333c55555555%3A0x56137f365b563eea!2z4Liq4Liz4LiZ4Lix4LiB4LiH4Liy4LiZ4Liq4Lin4Lix4Liq4LiU4Li04LiB4Liy4Lij4LmB4Lil4Liw4LiE4Li44LmJ4Lih4LiE4Lij4Lit4LiH4LmB4Lij4LiH4LiH4Liy4LiZ4LiI4Lix4LiH4Lir4Lin4Lix4LiU4Liq4LiH4LiC4Lil4Liy!5e0!3m2!1sen!2sth!4v1545025504199"" width=""600"" height=""450"" frameborder=""0"" style=""border:0"" allowfullscreen></iframe>",https://songkhla2.mol.go.th/wp-admin/post.php?post=180&action=edit
สำนักงานแรงงานจังหวัดสตูล ศาลากลางจังหวัด ชั้น2 ถนนสตูลธานี ตำบลพิมาน อำเภอเมือง จังหวัดสตูล 91000,satun2.mol.go.th,"<iframe src=""https://www.google.com/maps/embed?pb=!1m18!1m12!1m3!1d7926.544764560949!2d100.07078122453701!3d6.613040738348931!2m3!1f0!2f0!3f0!3m2!1i1024!2i768!4f13.1!3m3!1m2!1s0x304c8d7c9e1b6ecd%3A0x33f3d6120f42e6a0!2z4Liq4Liz4LiZ4Lix4LiB4LiH4Liy4LiZIOC5geC4o-C4h-C4h-C4suC4meC4iOC4seC4h-C4q-C4p-C4seC4lOC4quC4leC4ueC4pQ!5e0!3m2!1sen!2sth!4v1545025524356"" width=""600"" height=""450"" frameborder=""0"" style=""border:0"" allowfullscreen></iframe>",https://satun2.mol.go.th/wp-admin/post.php?post=180&action=edit
สำนักงานแรงงานจังหวัดสุราษฏร์ธานี อาคารศูนย์ราชการกระทรวงแรงงาน ชั้น4 ตำบลขุนทะเล อำเภอเมือง จังหวัดสุราษฎร์ธานี 84100,suratthani2.mol.go.th,"<iframe src=""https://www.google.com/maps/embed?pb=!1m18!1m12!1m3!1d7881.074226534045!2d99.37152832456209!3d9.014668870464394!2m3!1f0!2f0!3f0!3m2!1i1024!2i768!4f13.1!3m3!1m2!1s0x3053f77ad4926337%3A0xa5e139586cc4f876!2z4Liq4Liz4LiZ4Lix4LiB4LiH4Liy4LiZIOC5geC4o-C4h-C4h-C4suC4meC4iOC4seC4h-C4q-C4p-C4seC4lOC4quC4uOC4o-C4suC4qeC4juC4o-C5jOC4mOC4suC4meC4tQ!5e0!3m2!1sen!2sth!4v1545025548072"" width=""600"" height=""450"" frameborder=""0"" style=""border:0"" allowfullscreen></iframe>",https://suratthani2.mol.go.th/wp-admin/post.php?post=180&action=edit
