title,post_id,url,index
ผู้ตรวจฯกระทรวงแรงงานพร้อมผู้ตรวจฯกรม ตรวจราชการติดตามความก้าวหน้าภารกิจ'แรงงาน''กาญจนบุรี',1969,http://kanchanaburi2.mol.go.th/wp-admin/post.php?post=1969&action=edit,0
สมาร์ทเลเบอร์ (SMART LABOUR) แอปพลิเคชั่นบริการด้านแรงงานทุกที่ ทุกเวลา ตอบสนองคนทำงานยุคดิจิทัล,1970,http://kanchanaburi2.mol.go.th/wp-admin/post.php?post=1970&action=edit,1
หน่วยสังกัดกระทรวงแรงงานแรงงาน จังหวัดกาญจนบุรี เข้าร่วมโครงการ “เทิดทูนสถาบันสำคัญของชาติเพื่อเสริมสร้างความสมานฉันท์ ประจำปี 2553 จังหวัดกาญจนบุรี,2053,http://kanchanaburi2.mol.go.th/wp-admin/post.php?post=2053&action=edit,2
ประชุมการตรวจราชการหน่วยงานในสังกัดกระทรวงแรงงาน โดย ม.ล.ปุณฑริก สมิติ ผู้ตรวจราชการกระทรวงแรงงาน,2054,http://kanchanaburi2.mol.go.th/wp-admin/post.php?post=2054&action=edit,3
อบรมอาสาสมัครแรงงานโครงการบูรณาการบริหารแรงงานต่างด้าวจังหวัดกาญจนบุรี,2055,http://kanchanaburi2.mol.go.th/wp-admin/post.php?post=2055&action=edit,4
สำนักงานแรงงานจังหวัดกาญจนบุรี ร่วมกิจกรรมโครงการเคลื่อนที่,2056,http://kanchanaburi2.mol.go.th/wp-admin/post.php?post=2056&action=edit,5
สำนักงานแรงงานจังหวัดกาญจนบุรี ประชุมคณะอนุกรรมการพิจารณาอัตราค่าจ้างขั้นต่ำ,2057,http://kanchanaburi2.mol.go.th/wp-admin/post.php?post=2057&action=edit,6
แรงงานจังหวัดกาญจนบุรี ร่วมเป็นเกียรติในงานวันแห่งครอบครัวและโครงการรณรงค์ยุติความรุนแรงต่อเด็ก สตรี และครอบครัวจังหวัดกาญจนบุรี,2058,http://kanchanaburi2.mol.go.th/wp-admin/post.php?post=2058&action=edit,7
กิจกรรมตามโครงการจ้างงาน เร่งด่วนและพัฒนาทักษะฝีมือ เพื่อบรรเทาความเดือดร้อนด้านอาชีพ,2059,http://kanchanaburi2.mol.go.th/wp-admin/post.php?post=2059&action=edit,8
ประชุมขับเคลื่อนงานแรงงานนอกระบบ สู่การยกระดับรายได้ให้ได้รับสวัสดิการ และการคุ้มครอง,2060,http://kanchanaburi2.mol.go.th/wp-admin/post.php?post=2060&action=edit,9
อาสาสมัครแรงงาน ร่วมใจ สร้างภูมิคุ้มกันยาเสพติดให้สถานประกอบการ,2061,http://kanchanaburi2.mol.go.th/wp-admin/post.php?post=2061&action=edit,10
"5 หน่วยงานกระทรวงแรงงานกาญจนบุรีให้บริการ""จังหวัดเคลื่อนที่""",2062,http://kanchanaburi2.mol.go.th/wp-admin/post.php?post=2062&action=edit,11
เปิดโครงการเสริมสร้างการเรียนรู้ก่อนเข้าสู่ตลาดแรงงานในภาคอุตสาหกรรมการท่องเที่ยว,2063,http://kanchanaburi2.mol.go.th/wp-admin/post.php?post=2063&action=edit,12
ประชุมอนุกรรมการพิจารณาค่าจ้างขั้นต่ำ จังหวัดกาญจนบุรี,2064,http://kanchanaburi2.mol.go.th/wp-admin/post.php?post=2064&action=edit,13
เตรียม'คนทำงาน' ตอบโจทย์ไทยแลนด์4.0 'กาญจนบุรี',2072,http://kanchanaburi2.mol.go.th/wp-admin/post.php?post=2072&action=edit,14
รายงานสถานการณ์แรงงานจังหวัดกาญจนบุรีไตรมาส 3 ปี 2558,2340,http://kanchanaburi2.mol.go.th/wp-admin/post.php?post=2340&action=edit,15
รายงานสถานการณ์แรงงานจังหวัดกาญจนุบรีไตรมาส 2 ปี 2558,2341,http://kanchanaburi2.mol.go.th/wp-admin/post.php?post=2341&action=edit,16
รายงานสถานการณ์แรงงานจังหวัดกาญจนุบรีไตรมาส 1 ปี 2558,2342,http://kanchanaburi2.mol.go.th/wp-admin/post.php?post=2342&action=edit,17
รายงานสถานการณ์แรงงานจังหวัดกาญจนบุรี ไตรมาส 4/2558,2343,http://kanchanaburi2.mol.go.th/wp-admin/post.php?post=2343&action=edit,18
รายงานสถานการณ์แรงงานจังหวัดกาญจนบุรี  รายปี 2558,2344,http://kanchanaburi2.mol.go.th/wp-admin/post.php?post=2344&action=edit,19
กฎหมายน่ารู้ โทษนายจ้าง/ต่างด้าว ผิดกฎหมาย,1971,http://kanchanaburi2.mol.go.th/wp-admin/post.php?post=1971&action=edit,20
ให้ต่างด้าวสัญชาติเมียนมา ลาว และกัมพูชา ที่เคยมีใบอนุญาตทำงาน 2 กลุ่ม มารายงานตัว ทำบัตรใหม่ภายใน 120 วัน ระหว่างวันที่ 1 เม.ย. – 29 ก.ค.,1972,http://kanchanaburi2.mol.go.th/wp-admin/post.php?post=1972&action=edit,21
ช่างไฟฟ้าภายในอาคาร ต้องมีหนังสือรับรองความรู้ ความสามารถ จึงจะดำเนินการได้ ซึ่งมีผลบังคับใช้ตั้งแต่ วันที่ 26 ตุลาคม 2559 เป็นต้นไป,1973,http://kanchanaburi2.mol.go.th/wp-admin/post.php?post=1973&action=edit,22
"เชิญร่วมงาน""รวมพลังประชารัฐ สาน  สร้าง  เสริมสุขแรงงานไทย ก้าวไกลสู่มาตรฐานฝีมือ""",1974,http://kanchanaburi2.mol.go.th/wp-admin/post.php?post=1974&action=edit,23
สำนักงานแรงงานจังหวัดกาญจนบุรี จัดโครงการ “รวมพลังประชารัฐ สาน สร้าง เสริมสุข แรงงานไทยฯ” ก้าวไกลสู่มาตรฐานฝีมือ,1975,http://kanchanaburi2.mol.go.th/wp-admin/post.php?post=1975&action=edit,24
รมว.แรงงาน ลงพื้นที่กาญจนบุรี รับฟังปัญหาทุกภาคส่วน พร้อมติดตามความก้าวหน้า ‘เศรษฐกิจพิเศษ-พุน้ำร้อน’,1976,http://kanchanaburi2.mol.go.th/wp-admin/post.php?post=1976&action=edit,25
ศูนย์พัฒนาฝีมือเเรงงานฯ เร่ง สร้างการรับรู้ผู้ประกอบการ  26 ตุลาคม 2559 ช่างเดินไฟฟ้าในอาคาร ต้องมีใบรับรอง,2065,http://kanchanaburi2.mol.go.th/wp-admin/post.php?post=2065&action=edit,26
ส่วนราชการกระทรวงแรงงานจัดขบวนแห่ ร่วมในงานประเพณีสงกรานต์,2066,http://kanchanaburi2.mol.go.th/wp-admin/post.php?post=2066&action=edit,27
ประชุมคณะอนุกรรมการพิจารณาอัตราค่าจ้าง ขั้นต่ำจังหวัดกาญจนบุรี ครั้งที่ 3/2559,2067,http://kanchanaburi2.mol.go.th/wp-admin/post.php?post=2067&action=edit,28
หน่วยงานในสังกัดกระทรวงแรงงานบูรณาการตรวจป้องกันค้ามนุษย์,2068,http://kanchanaburi2.mol.go.th/wp-admin/post.php?post=2068&action=edit,29
หน่วยงานสังกัดกระทรวงแรงงานร่วมจุดเทียนถวายพระพรชัยมงคลสมเด็จพระนางเจ้าสิริกิติ์ พระบรมราชินีนาถ เนื่องในโอกาสวันเฉลิมพระชนมพรรษา 12 สิงหามหาราชินี,2069,http://kanchanaburi2.mol.go.th/wp-admin/post.php?post=2069&action=edit,30
สำนักงานแรงงานร่วมตรวจติดตามโครงการตามแผนพัฒนาอาชีพเะกษตรฯ อ.ไทรโยค,2070,http://kanchanaburi2.mol.go.th/wp-admin/post.php?post=2070&action=edit,31
แรงงานร่วมตำรวจ 'ปล่อยแถว' ตรวจค้น 'ค้ามนุษย์',2071,http://kanchanaburi2.mol.go.th/wp-admin/post.php?post=2071&action=edit,32
จังหวัดเคลื่อนที่ 'หนองปรือ' กาญจนบุรี,2073,http://kanchanaburi2.mol.go.th/wp-admin/post.php?post=2073&action=edit,33
ส่วนราชการสังกัดกระทรวงแรงงานจังหวัดกาญจนบุรี สวดมนต์เจริญจิตภาวนาเฉลิมพระเกียรติฯ,2074,http://kanchanaburi2.mol.go.th/wp-admin/post.php?post=2074&action=edit,34
หน่วยงานสังกัดกระทรวงแรงงาน จ.กาญจนบุรี ประชุมเตรียมรองรับการตรวจราชการฯ,2075,http://kanchanaburi2.mol.go.th/wp-admin/post.php?post=2075&action=edit,35
ขอเชิญประชาชนที่สนใจร่วมเชียร์การประกวดแตรวงรอบคัดเลือก,2076,http://kanchanaburi2.mol.go.th/wp-admin/post.php?post=2076&action=edit,36
"ประชุมอนุกรรมการ ""กพร.ปจ"" ตอบโจทย์กำลังคน 3 อุตสาหกรรมหลัก จังหวัดกาญจนบุรี",2077,http://kanchanaburi2.mol.go.th/wp-admin/post.php?post=2077&action=edit,37
รายงานสถานการณ์แรงงานจังหวัดกาญจนบุรี ไตรมาส 1/2559,2345,http://kanchanaburi2.mol.go.th/wp-admin/post.php?post=2345&action=edit,38
รายงานสถานการณ์แรงงานจังหวัดกาญจนบุรี ไตรมาส 2/2559,2346,http://kanchanaburi2.mol.go.th/wp-admin/post.php?post=2346&action=edit,39
ขอเชิญประชาชนที่สนใจร่วมเชียร์การประกวดแตรวงรอบคัดเลือก,1977,http://kanchanaburi2.mol.go.th/wp-admin/post.php?post=1977&action=edit,40
ผู้ตรวจนำคณะ 'ตรวจรอบ3' กาญจนบุรี,1978,http://kanchanaburi2.mol.go.th/wp-admin/post.php?post=1978&action=edit,41
หน่วยงานในสังกัดกระทรวงแรงงาน ร่วมงาน ถนนเด็กเดิน ปีที่ 7,1979,http://kanchanaburi2.mol.go.th/wp-admin/post.php?post=1979&action=edit,42
หน่วยงาน ก.แรงงาน เฝ้ารับเสด็จทูลกระหม่อมหญิงอุบลรัตนราชกัญญา สิริวัฒนาพรรณวดี ในโอกาสทรงเสด็จเยี่ยมและติดตาม ผลการดำเนินงานโครงการทูบีนัมเบอร์วัน,1980,http://kanchanaburi2.mol.go.th/wp-admin/post.php?post=1980&action=edit,43
ตำแหน่งงานว่าง สำนักงานจัดหางานจังหวัดกาญจนบุรี,1981,http://kanchanaburi2.mol.go.th/wp-admin/post.php?post=1981&action=edit,44
ประชุมหัวหน้าส่วนราชการ สังกัดกระทรวงแรงงานประจำเดือนกันยายน 2559,2078,http://kanchanaburi2.mol.go.th/wp-admin/post.php?post=2078&action=edit,45
สำนักงานสรรพสามิตร่วมกับสำนักงานแรงงานจังหวัดกาญจนบุรีร่วมออกตรวจสถานที่ทำสุรากลั่นชุมชนในเขตอำเภอท่าม่วง,2079,http://kanchanaburi2.mol.go.th/wp-admin/post.php?post=2079&action=edit,46
ส่วนราชการกระทรวงแรงงาน ลงนาม ร่วมสร้าง จังหวัดกาญจนบุรี ในสะอาด,2080,http://kanchanaburi2.mol.go.th/wp-admin/post.php?post=2080&action=edit,47
หัวหน้าส่วนราชการสังกัดกระทรวงแรงงานประชุมเพื้่อรองรับการตรวจราชการรอบที่3,2081,http://kanchanaburi2.mol.go.th/wp-admin/post.php?post=2081&action=edit,48
แรงงานจังหวัดกาญจนบุรี ร่วมงาน 'ตลาดต้องชม'ตลาดไทย ตลาดธรรม,2082,http://kanchanaburi2.mol.go.th/wp-admin/post.php?post=2082&action=edit,49
หัวหน้าส่วนราชการสังกัดกระทรวงแรงงานร่วมพิธีเจริญพระพุทธมนต์,2083,http://kanchanaburi2.mol.go.th/wp-admin/post.php?post=2083&action=edit,50
ผู้ว่าราชการจังหวัดนำหัวหน้าส่วนราชการ รัฐวิสาหกิจ ข้าราชการตำรวจ ทหาร พนักงาานและเจ้าหน้าที่ เข้าร่วมพิธีลงนามถวายอาลัยและถวายน้ำสรงพระบรมศพ,2084,http://kanchanaburi2.mol.go.th/wp-admin/post.php?post=2084&action=edit,51
ผู้ว่าราชการจังหวัดเป็นประธานในพิธีถวายความอาลัยเบื้องหน้าพระบมฉายาลักษณ์,2085,http://kanchanaburi2.mol.go.th/wp-admin/post.php?post=2085&action=edit,52
ผู้ว่าราชการจังหวัดกาญจนบุรี  เป็นประธานในพิธีบำเพ็ญกุศลสวดพระอภิธรรม ถวายพระบรมศพ ณ วัดไชยชุมพลชนะสงคราม อำเภอเมือง จังหวัดกาญจนบุรี,2086,http://kanchanaburi2.mol.go.th/wp-admin/post.php?post=2086&action=edit,53
สำนักงานแรงงานจังหวัดกาญจนบุรี ร่วมกันจัดทำริ้บบิ้นดำ ไว้ทุกข์ถวายอาลัยแด่พระบาทสมเด็จพระปรมินทรมหาภูมิพลอดุลยเดช,2087,http://kanchanaburi2.mol.go.th/wp-admin/post.php?post=2087&action=edit,54
บำเพ็ญกุศลสวดอภิธรรมถวายพระบรมศพพระบาทสมเด็จพระปรมินทร มหาภูมิพลอดุลยเดช ณ วัดพระแท่นดงรังวรวิหาร,2088,http://kanchanaburi2.mol.go.th/wp-admin/post.php?post=2088&action=edit,55
5 หน่วย แรงงาน กาญจนบุรีร่วมจังหวัดเคลื่อนที่มอบเข็มกลัดริบบิ้นให้ผู้ว่าราชการจังหวัดแจกประชาชน,2089,http://kanchanaburi2.mol.go.th/wp-admin/post.php?post=2089&action=edit,56
พิธีบำเพ็ญกุศลปัณรสมวารเพื่อถวายเป็นพระราชกุศลพระบาทสมเด็จพระปรมินทรมหาภูมิพลอดุลยเดช,2090,http://kanchanaburi2.mol.go.th/wp-admin/post.php?post=2090&action=edit,57
ร.พ มะการักษ์ประกาศรับสมัครสอบคัดเลือกบุคคลเพื่อบรรจุเป็นลูกจ้างชั่วคราว,2337,http://kanchanaburi2.mol.go.th/wp-admin/post.php?post=2337&action=edit,58
รับสมัครคัดเลือกบุคคลเพื่อจัดจ้างเจ้าหน้าที่ประสานงานด้านการสื่อสารภาษา (ล่าม),2338,http://kanchanaburi2.mol.go.th/wp-admin/post.php?post=2338&action=edit,59
ประชุมคณะกรรมการศูนย์ช่วยเหลือผู้ประสบภัยธรรมชาติ,1982,http://kanchanaburi2.mol.go.th/wp-admin/post.php?post=1982&action=edit,60
เปิดงานกาชาดรวมใจแสดงความอาลัยด้วยใจภักดี,1983,http://kanchanaburi2.mol.go.th/wp-admin/post.php?post=1983&action=edit,61
"ประชุมอาสาสมัครแรงงาน ขับเคลื่อนภารกิจ""แรงงาน"" ในระดับพื้นที่",1984,http://kanchanaburi2.mol.go.th/wp-admin/post.php?post=1984&action=edit,62
มหกรรมศิลปินกาญจนบุรี รวมใจแสดงความอาลัยพ่อหลวง,1985,http://kanchanaburi2.mol.go.th/wp-admin/post.php?post=1985&action=edit,63
บำเพ็ญกุศลถวายเนื่องในวันคล้ายวันพระบรมราชสมภพ,1986,http://kanchanaburi2.mol.go.th/wp-admin/post.php?post=1986&action=edit,64
วันต่อต้านคอร์รัปชันสากล (ประเทศไทย),1987,http://kanchanaburi2.mol.go.th/wp-admin/post.php?post=1987&action=edit,65
งานกาชาดกาญจนบุรี,1988,http://kanchanaburi2.mol.go.th/wp-admin/post.php?post=1988&action=edit,66
ประชุมคณะอนุกรรมการประกันสังคม จ.กาญจนบุรี,1989,http://kanchanaburi2.mol.go.th/wp-admin/post.php?post=1989&action=edit,67
"หน่วยงาน แรงงาน กาญจนบุรี มอบเข็มกลัดริบบิ้นดำ 1,700 ชิ้น ให้ผู้ว่าราชการจังหวัดแจกจ่ายประชาชน",2091,http://kanchanaburi2.mol.go.th/wp-admin/post.php?post=2091&action=edit,68
ประชุมส่วนราชการและนายอำเภอครั้งที่ 10/2559,2092,http://kanchanaburi2.mol.go.th/wp-admin/post.php?post=2092&action=edit,69
แรงงาน สถานพินิจฯ ร่วมจัดทำเข็มกลัดริบบิ้น,2093,http://kanchanaburi2.mol.go.th/wp-admin/post.php?post=2093&action=edit,70
ส่วนราชการ กระทรวงแรงงาน กาญจนบุรี ร่วมเป็น เจ้าภาพพิธีบำเพ็ญกุศลสวดพระอภิธรรม,2094,http://kanchanaburi2.mol.go.th/wp-admin/post.php?post=2094&action=edit,71
ส่วนราชการ กระทรวงแรงงาน กาญจนบุรี ร่วมเป็น เจ้าภาพพิธีบำเพ็ญกุศลสวดพระอภิธรรม,2095,http://kanchanaburi2.mol.go.th/wp-admin/post.php?post=2095&action=edit,72
ส่วนราชการ กระทรวงแรงงาน จัดพิธีบำเพ็ญกุศล ถวายภัตตาหารเช้า,2096,http://kanchanaburi2.mol.go.th/wp-admin/post.php?post=2096&action=edit,73
แรงงาน กอ.รมน. ตรวจสถานประกอบการ ปศุสัตว์ ไก่,2097,http://kanchanaburi2.mol.go.th/wp-admin/post.php?post=2097&action=edit,74
บูรณาการตรวจแรงงานต่างด้าวแย่งอาชีพคนไทย,2098,http://kanchanaburi2.mol.go.th/wp-admin/post.php?post=2098&action=edit,75
ศูนย์พัฒน์ ม.ราชภัฏกาญจนบุรี สร้างคนโลจิสติกส์,2099,http://kanchanaburi2.mol.go.th/wp-admin/post.php?post=2099&action=edit,76
แรงงานร่วมประชุม คณะทำงานบริหารการจัดเก็บข้อมูล จปฐและ กชช.2 ค,2100,http://kanchanaburi2.mol.go.th/wp-admin/post.php?post=2100&action=edit,77
หน่วยงานสังกัด กระทรวงแรงงาน รับมอบนโยบายผู้ว่าราชการจังหวัดเร่งรัดการใช้จ่ายงบประมาณ,2101,http://kanchanaburi2.mol.go.th/wp-admin/post.php?post=2101&action=edit,78
ออกกำลังกายเพื่อสุขภาพที่ดี,2102,http://kanchanaburi2.mol.go.th/wp-admin/post.php?post=2102&action=edit,79
กอ.รมน. แรงงาน บูรณาการตรวจ การแย่งอาชีพคนไทย,1990,http://kanchanaburi2.mol.go.th/wp-admin/post.php?post=1990&action=edit,80
"แรงงาน ฝึกทำ ""ของชำร่วยปีใหม่"" โครงการสาน สร้าง เสริมสุขแรงงานไทย",1991,http://kanchanaburi2.mol.go.th/wp-admin/post.php?post=1991&action=edit,81
ตรวจติดตาม โครงการยกระดับศักยภาพหมู่บ้าน,1992,http://kanchanaburi2.mol.go.th/wp-admin/post.php?post=1992&action=edit,82
ฝึกอาชีพ บริการตัดผมชาย สานสร้างเสริมสุข,1993,http://kanchanaburi2.mol.go.th/wp-admin/post.php?post=1993&action=edit,83
ตรวจบูรณาการ ค้ามนุษย์ด้านแรงงาน,1994,http://kanchanaburi2.mol.go.th/wp-admin/post.php?post=1994&action=edit,84
ตรวจบูรณาการแย่งอาชีพคนไทย,1995,http://kanchanaburi2.mol.go.th/wp-admin/post.php?post=1995&action=edit,85
หน่วยงานกระทรวงแรงงาน เป็นคณะทำงานรณรงค์ ป้องกันอุบัติเหตุทางถนน ณ จุดตรวจ อ. ห้วยกระเจา,1996,http://kanchanaburi2.mol.go.th/wp-admin/post.php?post=1996&action=edit,86
สุขภาพแข็งแรง เริ่มแรกออกกำลังกาย,1997,http://kanchanaburi2.mol.go.th/wp-admin/post.php?post=1997&action=edit,87
สวัสดีปีใหม่ 2560,1998,http://kanchanaburi2.mol.go.th/wp-admin/post.php?post=1998&action=edit,88
ประชุมหัวหน้าส่วนราชการสังกัดกระทรวงแรงงาน จังหวัดกาญจนบุรี,1999,http://kanchanaburi2.mol.go.th/wp-admin/post.php?post=1999&action=edit,89
ประชุมแผนยุทธศาสตร์ อุตสาหกรรม,2000,http://kanchanaburi2.mol.go.th/wp-admin/post.php?post=2000&action=edit,90
ตรวจบูรณาการ ป้องกันการค้ามนุษย์ด้านแรงงาน,2001,http://kanchanaburi2.mol.go.th/wp-admin/post.php?post=2001&action=edit,91
ตรวจบูรณาการ แรงงานต่างด้าวทำงานในอาชีพ,2002,http://kanchanaburi2.mol.go.th/wp-admin/post.php?post=2002&action=edit,92
แรงงานร่วม อสร.จัดกิจกรรม รวมพลังแห่งความภักดี,2003,http://kanchanaburi2.mol.go.th/wp-admin/post.php?post=2003&action=edit,93
วันพ่อขุนรามคำแหง,2004,http://kanchanaburi2.mol.go.th/wp-admin/post.php?post=2004&action=edit,94
ประชุมเชิงปฏิบัติการ จัดทำแผนยุทธศาสตร์ด้านแรงงาน,2005,http://kanchanaburi2.mol.go.th/wp-admin/post.php?post=2005&action=edit,95
วันยุทธหัตถี กาญจนบุรี,2006,http://kanchanaburi2.mol.go.th/wp-admin/post.php?post=2006&action=edit,96
พิธีกระทำสัตย์ปฏิญาณตนต่อธงชัยเฉลิมพล,2007,http://kanchanaburi2.mol.go.th/wp-admin/post.php?post=2007&action=edit,97
อบรมเครือข่ายการป้องกันและแก้ไขปัญหาภัยคุกคามด้านผู้หลบหนีเข้าเมืองผิดกฎหมาย,2008,http://kanchanaburi2.mol.go.th/wp-admin/post.php?post=2008&action=edit,98
ติดตามสถานการณ์แรงงานต่างด้าว,2009,http://kanchanaburi2.mol.go.th/wp-admin/post.php?post=2009&action=edit,99
กอ.รมน. แรงงาน บูรณาการตรวจ การแย่งอาชีพคนไทย,2010,http://kanchanaburi2.mol.go.th/wp-admin/post.php?post=2010&action=edit,100
จัดประชุม แรงงานนอกระบบ,2011,http://kanchanaburi2.mol.go.th/wp-admin/post.php?post=2011&action=edit,101
ออกกำลังทุกวันพุธ,2012,http://kanchanaburi2.mol.go.th/wp-admin/post.php?post=2012&action=edit,102
โครงการจังหวัดเคลื่อนที่ อ.ศรีสวัสดิ์ จ.กาญจนบุรี,2013,http://kanchanaburi2.mol.go.th/wp-admin/post.php?post=2013&action=edit,103
ใช้แรงงานเด็กผิดกฎหมาย มีโทษหนัก,2014,http://kanchanaburi2.mol.go.th/wp-admin/post.php?post=2014&action=edit,104
"ตรวจติดตาม โครงการหมู่บ้านละ 250,000 อำเภอทองผาภูมิ",2015,http://kanchanaburi2.mol.go.th/wp-admin/post.php?post=2015&action=edit,105
5 หน่วยแรงงาน ร่วมประชุมหัวหน้าส่วนและนายอำเภอ จังหวัดกาญจนบุรี,2016,http://kanchanaburi2.mol.go.th/wp-admin/post.php?post=2016&action=edit,106
โฟกัสกรุ๊ปพื้นที่ยุทธศาสตร์ตะวันตก,2017,http://kanchanaburi2.mol.go.th/wp-admin/post.php?post=2017&action=edit,107
"เปิดตัว 4 กิจกรรม ""พัฒนาทักษะฝีมือ"" ตามโครงการแก้ไขปัญหาความเดือดร้อนด้านอาชีพ ประจำปีงบประมาณ 2560",2103,http://kanchanaburi2.mol.go.th/wp-admin/post.php?post=2103&action=edit,108
หัวหน้าหน่วยงานสังกัดกระทรวงแรงงานร่วมกิจกรรมในวันมาฆาบูชา,2104,http://kanchanaburi2.mol.go.th/wp-admin/post.php?post=2104&action=edit,109
ออกกำลังทุกวันพุธ,2105,http://kanchanaburi2.mol.go.th/wp-admin/post.php?post=2105&action=edit,110
"เปิด 4 กิจกรรม""พัฒนาทักษะฝีมือ""",2106,http://kanchanaburi2.mol.go.th/wp-admin/post.php?post=2106&action=edit,111
สุขภาพดีเริ่มจากตัวเรา,2107,http://kanchanaburi2.mol.go.th/wp-admin/post.php?post=2107&action=edit,112
ตรวจบูรณาการ ค้ามนุษย์,2108,http://kanchanaburi2.mol.go.th/wp-admin/post.php?post=2108&action=edit,113
มอบเบี้ยเลี้ยงผู้รับการพัฒนาทักษะฝีมือ,2109,http://kanchanaburi2.mol.go.th/wp-admin/post.php?post=2109&action=edit,114
วันมาฆบูชา,2110,http://kanchanaburi2.mol.go.th/wp-admin/post.php?post=2110&action=edit,115
เปิดฝึก อบรม ประดิษฐดอกไม้จากกระดาษ ต.ปรังเผล อ.สังขละบุรี,2111,http://kanchanaburi2.mol.go.th/wp-admin/post.php?post=2111&action=edit,116
ทักษะ อาชีพใหม่,2112,http://kanchanaburi2.mol.go.th/wp-admin/post.php?post=2112&action=edit,117
พุธ ออกกำลัง,2113,http://kanchanaburi2.mol.go.th/wp-admin/post.php?post=2113&action=edit,118
รายงานสถานการณ์แรงงานจังหวัดกาญจนบุรี ไตรมาส 3/2559,2347,http://kanchanaburi2.mol.go.th/wp-admin/post.php?post=2347&action=edit,119
ทุกภาคส่วน ร่วมประชาพิจารณ์ แผนยุทธศาสตร์ด้านแรงงาน พ.ศ.2562-2564,2018,http://kanchanaburi2.mol.go.th/wp-admin/post.php?post=2018&action=edit,120
แลกเปลี่ยน-เรียนรู้พัฒนาศักยภาพ,2019,http://kanchanaburi2.mol.go.th/wp-admin/post.php?post=2019&action=edit,121
เทคนิคการกรีดยาง,2114,http://kanchanaburi2.mol.go.th/wp-admin/post.php?post=2114&action=edit,122
ฝึก 10 เมนูอาหารยอดนิยมในต่างประเทศ,2115,http://kanchanaburi2.mol.go.th/wp-admin/post.php?post=2115&action=edit,123
เปิดฝึก เทคนิคจัดดอกไม้ ชาวหนองขาว อ.ท่าม่วง,2116,http://kanchanaburi2.mol.go.th/wp-admin/post.php?post=2116&action=edit,124
ฝึกประดิษฐ์ดอกไม้ ต.ปรังเผล อ.สังขละบุรี,2117,http://kanchanaburi2.mol.go.th/wp-admin/post.php?post=2117&action=edit,125
รองผู้ว่าราชการจังหวัดมอบเบี้ยเลี้ยง ให้ผู้รับการฝึกหลักสูตร นวดแผนไทย,2118,http://kanchanaburi2.mol.go.th/wp-admin/post.php?post=2118&action=edit,126
เสริมทักษะเชิงช่าง,2119,http://kanchanaburi2.mol.go.th/wp-admin/post.php?post=2119&action=edit,127
ส่งเสริมอาชีพเย็บจักรอุตสาหกรรม ชาวปรังเผล,2120,http://kanchanaburi2.mol.go.th/wp-admin/post.php?post=2120&action=edit,128
เปิด 2 กิจกรรม พัฒนาทักษะฝีมือ อำเภอ ด่านมะขามเตี้ยและห้วยกระเจา,2121,http://kanchanaburi2.mol.go.th/wp-admin/post.php?post=2121&action=edit,129
Big C กาญจนบุรี เข้าประกวดสถานประกอบการดีเด่น To Be Number One,2122,http://kanchanaburi2.mol.go.th/wp-admin/post.php?post=2122&action=edit,130
พุธ ออกกำลัง,2123,http://kanchanaburi2.mol.go.th/wp-admin/post.php?post=2123&action=edit,131
ประชุมสมัชชาสตรีและสมัชชาครอบครัวกาญจนบุรี,2124,http://kanchanaburi2.mol.go.th/wp-admin/post.php?post=2124&action=edit,132
สร้างโอกาสต่อยอดอาชีพ,2125,http://kanchanaburi2.mol.go.th/wp-admin/post.php?post=2125&action=edit,133
พัฒนาทีมอาสาสมัครแรงงาน,2126,http://kanchanaburi2.mol.go.th/wp-admin/post.php?post=2126&action=edit,134
เสริมศักยภาพ สร้างทีมงาน,2127,http://kanchanaburi2.mol.go.th/wp-admin/post.php?post=2127&action=edit,135
รับเบี้ยเลี้ยงกิจกรรม เทคนิคการจัดดอกไม้,2128,http://kanchanaburi2.mol.go.th/wp-admin/post.php?post=2128&action=edit,136
มอบเบี้ยเลี้ยงช่างเดินสายไฟในอาคาร,2129,http://kanchanaburi2.mol.go.th/wp-admin/post.php?post=2129&action=edit,137
ประชุมอนุกรรมการพิจารณาอัตราค่าจ้างขั้นต่ำ,2130,http://kanchanaburi2.mol.go.th/wp-admin/post.php?post=2130&action=edit,138
ผู้ตรวจราชการกระทรวงแรงงานและคณะ ติดตามผลการดำเนินงาน กาญจนบุรี-ราชบุรี,2131,http://kanchanaburi2.mol.go.th/wp-admin/post.php?post=2131&action=edit,139
ตรวจค้ามนุษย์ ด้านแรงงาน,2132,http://kanchanaburi2.mol.go.th/wp-admin/post.php?post=2132&action=edit,140
พุธออกกำลัง,2133,http://kanchanaburi2.mol.go.th/wp-admin/post.php?post=2133&action=edit,141
รองผู้ว่าฯ สมเจตน์ นำทีมตรวจ บูรณาการ สร้างการรับรู้ ป้องกันการค้ามนุษย์,2134,http://kanchanaburi2.mol.go.th/wp-admin/post.php?post=2134&action=edit,142
วันที่ระลึก พระบาทสมเด็จพระนั่งเกล้าเจ้าอยู่หัว พระมหาเจษฎาราชเจ้า,2135,http://kanchanaburi2.mol.go.th/wp-admin/post.php?post=2135&action=edit,143
ถวายราชสักการะเนื่องในวันจักรี,2136,http://kanchanaburi2.mol.go.th/wp-admin/post.php?post=2136&action=edit,144
วันผู้สูงอายุแห่งชาติจังหวัดกาญจนบุรี,2137,http://kanchanaburi2.mol.go.th/wp-admin/post.php?post=2137&action=edit,145
ประชุมหัวหน้าส่วนราชการสังกัดกระทรวงแรงงาน จังหวัดกาญจนบุรี,2138,http://kanchanaburi2.mol.go.th/wp-admin/post.php?post=2138&action=edit,146
กาญจนบุรี ร่วมรณรงค์ป้องกัน-ลดอุบัติเหตุ,2139,http://kanchanaburi2.mol.go.th/wp-admin/post.php?post=2139&action=edit,147
บูรณาการเพื่อป้องกันอุบัติเหตุทางถนนช่วงสงกรานต์,2140,http://kanchanaburi2.mol.go.th/wp-admin/post.php?post=2140&action=edit,148
สนับสนุนการปฏิบัติงานของเจ้าหน้าที่จุดตรวจ กาญจนบุรี,2141,http://kanchanaburi2.mol.go.th/wp-admin/post.php?post=2141&action=edit,149
สนับสนุนการปฏิบัติงานของเจ้าหน้าที่จุดตรวจ เมืองกาญจนบุรี,2142,http://kanchanaburi2.mol.go.th/wp-admin/post.php?post=2142&action=edit,150
ประชุมปฏิบัติการและป้องกันอุบัติเหตุบนท้องถนน จังหวัดกาญจนบุรี,2143,http://kanchanaburi2.mol.go.th/wp-admin/post.php?post=2143&action=edit,151
แรงงาน ตม. 'ตรวจ'บูรณาการป้องกันการค้ามนุษย์ด้านแรงงาน,2144,http://kanchanaburi2.mol.go.th/wp-admin/post.php?post=2144&action=edit,152
ศูนย์ประสานการปฏิบัติที่ 3 กอ.รมน.ตรวจเยี่ยมภารกิจและประสานการปฏิบัติภารกิจด้านอาชญากรรมข้ามชาติ,2145,http://kanchanaburi2.mol.go.th/wp-admin/post.php?post=2145&action=edit,153
ประชุมพิจารณาขีดความสามารถของเขตพัฒนาเศรษฐกิจพิเศษ บริเวณชายแดนในอนุภาคลุ่มแม่น้ำโขง,2146,http://kanchanaburi2.mol.go.th/wp-admin/post.php?post=2146&action=edit,154
"เตรียมความพร้อมจัดกิจกรรม ""วันแรงงาน""",2147,http://kanchanaburi2.mol.go.th/wp-admin/post.php?post=2147&action=edit,155
"""วันคล้ายวันสวรรคต"" สมเด็จพระนเรศวรมหาราช",2148,http://kanchanaburi2.mol.go.th/wp-admin/post.php?post=2148&action=edit,156
โครงการจังหวัดเคลื่อนที่ อ.บ่อพลอย จ.กาญจนบุรี,2149,http://kanchanaburi2.mol.go.th/wp-admin/post.php?post=2149&action=edit,157
ออกกำลังกายเพื่อสุขภาพ,2150,http://kanchanaburi2.mol.go.th/wp-admin/post.php?post=2150&action=edit,158
กิจกรรมวันแรงงานแห่งชาติ จังหวัดกาญจนบุรี,2151,http://kanchanaburi2.mol.go.th/wp-admin/post.php?post=2151&action=edit,159
ยินดีต้อนรับ รองผู้ว่าราชการจังหวัด,2020,http://kanchanaburi2.mol.go.th/wp-admin/post.php?post=2020&action=edit,160
ประชุมคณะอนุกรรมการบริหารกองทุนพัฒนา เอสเอ็มอีตามแนวประชารัฐประจำจังหวัดกาญจนบุรี,2152,http://kanchanaburi2.mol.go.th/wp-admin/post.php?post=2152&action=edit,161
มอบความสุขแด่ผู้ประกันตน,2153,http://kanchanaburi2.mol.go.th/wp-admin/post.php?post=2153&action=edit,162
ประชุมแรงงานนอกระบบ,2154,http://kanchanaburi2.mol.go.th/wp-admin/post.php?post=2154&action=edit,163
ร่วมกิจกรรม วิสาขบูชา,2155,http://kanchanaburi2.mol.go.th/wp-admin/post.php?post=2155&action=edit,164
ติดตามสถานการณ์แรงงานต่างด้าว,2156,http://kanchanaburi2.mol.go.th/wp-admin/post.php?post=2156&action=edit,165
ศาลแรงงานภาค 7 อบรมกฎหมาย แรงงาน,2157,http://kanchanaburi2.mol.go.th/wp-admin/post.php?post=2157&action=edit,166
สร้างความเข้มแข็ง บูรณาการแรงงานนอกระบบ,2158,http://kanchanaburi2.mol.go.th/wp-admin/post.php?post=2158&action=edit,167
แรงงานตรวจบูรณาการค้ามนุษย์,2159,http://kanchanaburi2.mol.go.th/wp-admin/post.php?post=2159&action=edit,168
"แรงงาน""ต่อยอด"" เสริมทักษะฝีมือประดิษฐ์ ดอกไม้จันทร์",2160,http://kanchanaburi2.mol.go.th/wp-admin/post.php?post=2160&action=edit,169
ประชุมคณะทำงาน พิจารณาขออนุญาตทำงานของแรงงานต่างด้าว,2161,http://kanchanaburi2.mol.go.th/wp-admin/post.php?post=2161&action=edit,170
ตรวจบูรณาการ ค้ามนุษย์ด้านแรงงาน,2162,http://kanchanaburi2.mol.go.th/wp-admin/post.php?post=2162&action=edit,171
แรงงาน ติดดาว สร้างคน คุณภาพ กาญจนบุรี,2163,http://kanchanaburi2.mol.go.th/wp-admin/post.php?post=2163&action=edit,172
จังหวัดเคลื่อนที่ ณ วัดสระลงเรือ,2164,http://kanchanaburi2.mol.go.th/wp-admin/post.php?post=2164&action=edit,173
แรงงาน 'ร่วมเสริม' ศักยภาพเอสเอ็มอี กาญจนบุรี,2165,http://kanchanaburi2.mol.go.th/wp-admin/post.php?post=2165&action=edit,174
เตรียม'คนทำงาน' ตอบโจทย์ไทยแลนด์4.0 'กาญจนบุรี',2166,http://kanchanaburi2.mol.go.th/wp-admin/post.php?post=2166&action=edit,175
รายงานความคืบหน้าพื้นที่เขตพัฒนาเศรษฐกิจพิเศษกาญจนบุรี,2167,http://kanchanaburi2.mol.go.th/wp-admin/post.php?post=2167&action=edit,176
บูรณาการตรวจสอบการทำงานของแรงงานต่างด้าว,2168,http://kanchanaburi2.mol.go.th/wp-admin/post.php?post=2168&action=edit,177
ประชุมอนุกรรมการค่าจ้างขั้นต่ำ 20 มิถุนายน 2560,2169,http://kanchanaburi2.mol.go.th/wp-admin/post.php?post=2169&action=edit,178
บูรณาการตรวจสอบการทำงานของแรงงานต่างด้าว,2170,http://kanchanaburi2.mol.go.th/wp-admin/post.php?post=2170&action=edit,179
5 หน่วยแรงงาน บริการประชาชน,2171,http://kanchanaburi2.mol.go.th/wp-admin/post.php?post=2171&action=edit,180
"ประชุมอาสาสมัครแรงงานขับเคลื่อนภารกิจฐานข้อมูล"" แรงงานนอกระบบ""",2172,http://kanchanaburi2.mol.go.th/wp-admin/post.php?post=2172&action=edit,181
5 หน่วยแรงงาน ประชุมหัวหน้าส่วนราชการและนายอำเภอครั้งที่ 6 /2560,2173,http://kanchanaburi2.mol.go.th/wp-admin/post.php?post=2173&action=edit,182
"5 หน่วยแรงงาน ร่วมเสวนา ""แก้ไขปัญหาแรงงานต่างด้าวและการค้ามนุษย์""",2174,http://kanchanaburi2.mol.go.th/wp-admin/post.php?post=2174&action=edit,183
"เยี่ยม ติดตาม ""แจง"" สิทธิประโยชน์กับครอบครัวแรงงานไทยที่เสียชีวิต",2175,http://kanchanaburi2.mol.go.th/wp-admin/post.php?post=2175&action=edit,184
กิจกรรมวันอาฬหบูชา,2176,http://kanchanaburi2.mol.go.th/wp-admin/post.php?post=2176&action=edit,185
วันสมเด็จพระนารายณ์มหาราช,2177,http://kanchanaburi2.mol.go.th/wp-admin/post.php?post=2177&action=edit,186
ร่วมงานแถลงข่าว โครงการส่งเสริมเศรษฐกิจและการท่องเที่ยว,2178,http://kanchanaburi2.mol.go.th/wp-admin/post.php?post=2178&action=edit,187
"""รอบรู้ แรงงาน"" กาญจนบุรี",2179,http://kanchanaburi2.mol.go.th/wp-admin/post.php?post=2179&action=edit,188
สำนักงานแรงงานจังหวัดกาญจนบุรี ร่วมกันออกกำลัง,2180,http://kanchanaburi2.mol.go.th/wp-admin/post.php?post=2180&action=edit,189
แรงงาน ตม.- กอ.รมน. ตรวจบูรณาการ,2181,http://kanchanaburi2.mol.go.th/wp-admin/post.php?post=2181&action=edit,190
"จิตอาสาชาวกระทรวงแรงงาน""กาญจนบุรี"" ประดิษฐ์ดอกไม้จันทน์พระราชทาน",2182,http://kanchanaburi2.mol.go.th/wp-admin/post.php?post=2182&action=edit,191
"คณะทำงานฯรองนายกรัฐมนตรี ตรวจติดตามภารกิจสำคัญในพื้นที่ ""กาญจนบุรี""",2183,http://kanchanaburi2.mol.go.th/wp-admin/post.php?post=2183&action=edit,192
วันคล้ายวันสวรรคต สมเด็จพระศรีนครินทราบรมราชชนนี,2184,http://kanchanaburi2.mol.go.th/wp-admin/post.php?post=2184&action=edit,193
"ตรวจบูรณาการ ""ตลาดโรงเกลือ""",2185,http://kanchanaburi2.mol.go.th/wp-admin/post.php?post=2185&action=edit,194
"""จิตอาสาพัฒนาร่วมบุญ""",2186,http://kanchanaburi2.mol.go.th/wp-admin/post.php?post=2186&action=edit,195
ร่วมกิจกรรมจังหวัดเคลื่อนที่ อำเภอท่าม่วง กาญจนบุรี,2187,http://kanchanaburi2.mol.go.th/wp-admin/post.php?post=2187&action=edit,196
ประชุมหัวหน้าส่วนราชการ กาญจนบุรี,2188,http://kanchanaburi2.mol.go.th/wp-admin/post.php?post=2188&action=edit,197
ประชุม หัวหน้าส่วนราชการสังกัดกระทรวงแรงงาน ครั้งที่ 8/2560 วันพุธที่ 9 สิงหาคม 2560,2189,http://kanchanaburi2.mol.go.th/wp-admin/post.php?post=2189&action=edit,198
ออกกำลังเพื่อสุขภาพ,2190,http://kanchanaburi2.mol.go.th/wp-admin/post.php?post=2190&action=edit,199
ร่วมแรงร่วมใจ ปลูกดอกดาวเรือง น้อมรำลึกในพระมหากรุณาธิคุณ 'ในหลวงร.๙',2191,http://kanchanaburi2.mol.go.th/wp-admin/post.php?post=2191&action=edit,200
กิจกรรมเฉลิมพระเกียรติ วันเฉลิมพระชนมพรรษา,2192,http://kanchanaburi2.mol.go.th/wp-admin/post.php?post=2192&action=edit,201
พุธ ออกกำลัง,2193,http://kanchanaburi2.mol.go.th/wp-admin/post.php?post=2193&action=edit,202
"ชุมชนคุณธรรมขับเคลื่อนด้วยพลัง ""บวร""",2194,http://kanchanaburi2.mol.go.th/wp-admin/post.php?post=2194&action=edit,203
แรงงาน - สวัสดิการและคุ้มครองแรงงาน ร่วมตรวจบูรณาการ,2195,http://kanchanaburi2.mol.go.th/wp-admin/post.php?post=2195&action=edit,204
กิจกรรมเฉลิมพระเกียรติ โครงการน้ำพระทัยพระราชทาน,2196,http://kanchanaburi2.mol.go.th/wp-admin/post.php?post=2196&action=edit,205
โครงการจังหวัดเคลื่อนที่ ครั้งที่ 11/2560,2197,http://kanchanaburi2.mol.go.th/wp-admin/post.php?post=2197&action=edit,206
วันพุธ ร่วมออกกำลัง,2198,http://kanchanaburi2.mol.go.th/wp-admin/post.php?post=2198&action=edit,207
กิจกรรมดีดีเพื่อรำลึกในพระมหากรุณาธิคุณในหลวงรัชกาลที่ ๙,2199,http://kanchanaburi2.mol.go.th/wp-admin/post.php?post=2199&action=edit,208
ความสำเร็จ เริ่มจากมีสุขภาพที่ดี ออกกำลังกายกันเถอะ,2200,http://kanchanaburi2.mol.go.th/wp-admin/post.php?post=2200&action=edit,209
ประชุมคณะทำงานขับเคลื่อนแผนพัฒนากำลังคนจังหวัดกาญจนบุรี 2560 - 2564,2201,http://kanchanaburi2.mol.go.th/wp-admin/post.php?post=2201&action=edit,210
ประชุม หัวหน้าส่วนราชการสังกัดกระทรวงแรงงาน ครั้งที่ 9/2560,2202,http://kanchanaburi2.mol.go.th/wp-admin/post.php?post=2202&action=edit,211
ประชุมคณะอนุกรรมการพิจารณาอัตราค่าจ้างขั้นต่ำ ครั้งที่ 3/2560,2203,http://kanchanaburi2.mol.go.th/wp-admin/post.php?post=2203&action=edit,212
"รับนโยบายรัฐมนตรี ""แรงงาน"" มุ่งสู่ วิสัยทัศน์ เพื่อการยุติ 3 ประเด็นหลัก",2204,http://kanchanaburi2.mol.go.th/wp-admin/post.php?post=2204&action=edit,213
ผู้ตรวจราชการกระทรวงแรงงาน ติดตามความก้าวหน้าของผลปฏิบัติงานตามประเด็นแผนการตรวจราชการ รอบที่ 3,2205,http://kanchanaburi2.mol.go.th/wp-admin/post.php?post=2205&action=edit,214
โครงการเสริมสร้างศักยภาพบุคลากรและเครือข่ายแรงงานสู่ไทยแลนด์ 4.0,2206,http://kanchanaburi2.mol.go.th/wp-admin/post.php?post=2206&action=edit,215
รายงานสถานการณ์แรงงานจังหวัดกาญจนบุรี ไตรมาส 4/2559,2348,http://kanchanaburi2.mol.go.th/wp-admin/post.php?post=2348&action=edit,216
รายงานสถานการณ์แรงงานจังหวัดกาญจนบุรี รายปี 2559,2349,http://kanchanaburi2.mol.go.th/wp-admin/post.php?post=2349&action=edit,217
รายงานสถานการณ์แรงงานจังหวัดกาญจนบุรี ไตรมาส 1/2560,2350,http://kanchanaburi2.mol.go.th/wp-admin/post.php?post=2350&action=edit,218
รายงานสถานการณ์แรงงานจังหวัดกาญจนบุรี ไตรมาส 2/2560,2351,http://kanchanaburi2.mol.go.th/wp-admin/post.php?post=2351&action=edit,219
ฝากประชาสัมพันธ์ค่ะ,2021,http://kanchanaburi2.mol.go.th/wp-admin/post.php?post=2021&action=edit,220
"ประเทศไทยติด""อันดับสูงสุด""ในการแก้ปัญหาแรงงานเด็ก",2022,http://kanchanaburi2.mol.go.th/wp-admin/post.php?post=2022&action=edit,221
ขั้นตอนการสมัครขึ้นทะเบียนเป็นผู้ประกันตน ตามมาตรา 40 ผ่านระบบอินเทอร์เน็ต,2023,http://kanchanaburi2.mol.go.th/wp-admin/post.php?post=2023&action=edit,222
"""ปลัดแรงงาน"" กำชับ ขรก.ทำงานร่วมเครือข่ายสอดรับแผนพัฒนา จังหวัดเสริมภาพลักษณ์กระทรวงที่ดี",2024,http://kanchanaburi2.mol.go.th/wp-admin/post.php?post=2024&action=edit,223
เชิญชวนมาเที่ยวงานสะพานฯ จังหวัดกาญจนบุรีกันคะ,2025,http://kanchanaburi2.mol.go.th/wp-admin/post.php?post=2025&action=edit,224
"รับนโยบายรัฐมนตรี ""แรงงาน"" มุ่งสู่วิสัยทัศน์",2207,http://kanchanaburi2.mol.go.th/wp-admin/post.php?post=2207&action=edit,225
ต้อนรับคณะผู้ตรวจราชการ,2208,http://kanchanaburi2.mol.go.th/wp-admin/post.php?post=2208&action=edit,226
ต้อนรับ ผุ้ว่าราชการจังหวัดและรองผู้ว่าราชการจังหวัดกาญจนบุรี,2209,http://kanchanaburi2.mol.go.th/wp-admin/post.php?post=2209&action=edit,227
พิธีมอบสิ่งของพระราชทานจิตอาสา,2210,http://kanchanaburi2.mol.go.th/wp-admin/post.php?post=2210&action=edit,228
5 หน่วย 'แรงงาน' ร่วมประชุม VDO Conference,2211,http://kanchanaburi2.mol.go.th/wp-admin/post.php?post=2211&action=edit,229
รวมพลังแห่งความภักดี,2212,http://kanchanaburi2.mol.go.th/wp-admin/post.php?post=2212&action=edit,230
ตักบาตร ถวายพระราชกุศล,2213,http://kanchanaburi2.mol.go.th/wp-admin/post.php?post=2213&action=edit,231
23 ตุลาคม วันปิยมหาราช,2214,http://kanchanaburi2.mol.go.th/wp-admin/post.php?post=2214&action=edit,232
ประชุมจัดทำแผนปฏิบัติการป้องกันการค้ามนุษย์ด้านแรงงาน,2215,http://kanchanaburi2.mol.go.th/wp-admin/post.php?post=2215&action=edit,233
ประชุมหัวหน้าส่วน 'แรงงาน' ขับเคลื่อนนโยบายสำคัญสู่ระดับพื้นที่,2216,http://kanchanaburi2.mol.go.th/wp-admin/post.php?post=2216&action=edit,234
กิจกรรมจังหวัดเคลื่อนที่ ตำบลบ้องตี้ อำเภอไทรโยค,2217,http://kanchanaburi2.mol.go.th/wp-admin/post.php?post=2217&action=edit,235
ประชุมความคืบหน้าเศรษฐกิจพิเศษ 'กาญจนบุรี',2218,http://kanchanaburi2.mol.go.th/wp-admin/post.php?post=2218&action=edit,236
"กระทรวงแรงงาน สู่กิจกรรม ""วันรวมน้ำใจ""",2219,http://kanchanaburi2.mol.go.th/wp-admin/post.php?post=2219&action=edit,237
"วัน ""พระบิดาแห่งฝนหลวง""",2220,http://kanchanaburi2.mol.go.th/wp-admin/post.php?post=2220&action=edit,238
ศูนย์ปฏิบัติการป้องกันปัญหา การค้ามนุษย์ด้านแรงงาน'กาญจนบุรี' 'ผนึกทีม' ตรวจบูรณาการ,2221,http://kanchanaburi2.mol.go.th/wp-admin/post.php?post=2221&action=edit,239
เร่งพิสูจน์สัญชาติก่อนหมดระยะผ่อนผัน,2026,http://kanchanaburi2.mol.go.th/wp-admin/post.php?post=2026&action=edit,240
กาญจนบุรี' ส่วนราชการสังกัดกระทรวงแรงงานร่วมจัดกิจกรรมให้ความรู้และบริการผู้เข้าร่วมโครงการสถานพยาบาลต้นแบบฯ,2027,http://kanchanaburi2.mol.go.th/wp-admin/post.php?post=2027&action=edit,241
จ้างเเรงงานอายุต่ำกว่า 15 ปี ไม่ได้นะคะ,2028,http://kanchanaburi2.mol.go.th/wp-admin/post.php?post=2028&action=edit,242
ประกาศรายชื่อผู้ผ่านการเลือกสรรเพื่อจัดจ้างเป็นพนักงานราชการทั่วไป ตำแหน่งนักวิชาการแรงงาน,2029,http://kanchanaburi2.mol.go.th/wp-admin/post.php?post=2029&action=edit,243
กระทรวงแรงงาน 'เร่ง' เด็กไทยเรียนสายอาชีพ,2030,http://kanchanaburi2.mol.go.th/wp-admin/post.php?post=2030&action=edit,244
แค่เรียนจบยังไม่พอ ต้องหามูลค่าเพิ่มให้ตนเองด้วย,2031,http://kanchanaburi2.mol.go.th/wp-admin/post.php?post=2031&action=edit,245
” บิ๊กอู๋ ” ชื่นชมแรงงานไทยไปทำงาน ต่างประเทศนำเงินเข้าประเทศกว่าแสนล้าน บาทต่อปี,2032,http://kanchanaburi2.mol.go.th/wp-admin/post.php?post=2032&action=edit,246
สนใจทำงานมีตำแหน่งงานว่างมานำเสนอค่ะ,2033,http://kanchanaburi2.mol.go.th/wp-admin/post.php?post=2033&action=edit,247
ตรวจบูรณาการป้องกันการค้ามนุษย์ด้านแรงงาน,2222,http://kanchanaburi2.mol.go.th/wp-admin/post.php?post=2222&action=edit,248
กาญจนบุรี ผนึกกำลัง ตรวจบูรณาการ กิจการกลุ่มเสี่ยง อ้อยและน้ำตาล,2223,http://kanchanaburi2.mol.go.th/wp-admin/post.php?post=2223&action=edit,249
"กาญจนบุรี บูรณาการตรวจ""ตลาดนัด""",2224,http://kanchanaburi2.mol.go.th/wp-admin/post.php?post=2224&action=edit,250
โครงการจังหวัดเคลื่อนที่และโครงการคลีนิคมหาดไทย ครั้งที่ 2/2561,2225,http://kanchanaburi2.mol.go.th/wp-admin/post.php?post=2225&action=edit,251
กิจกรรมให้ความรู้และบริการผู้เข้าร่วมโครงการสถานพยาบาลต้นแบบฯ,2226,http://kanchanaburi2.mol.go.th/wp-admin/post.php?post=2226&action=edit,252
ร่วมกิจกรรมรณรงค์ยุติความรุนแรงต่อเด็กและสตรี ณ วัดโพธิ์เย็น ตำบลดอนขมิ้น อำเภอท่ามะกา,2227,http://kanchanaburi2.mol.go.th/wp-admin/post.php?post=2227&action=edit,253
ทำบุญ ตักบาตรถวายพระราชกุศล,2228,http://kanchanaburi2.mol.go.th/wp-admin/post.php?post=2228&action=edit,254
บำเพ็ญประโยชน์ วันพ่อแห่งชาติ,2229,http://kanchanaburi2.mol.go.th/wp-admin/post.php?post=2229&action=edit,255
"""เปิดโครงการสังคมสร้างสุข พลังสร้างชาติ""",2230,http://kanchanaburi2.mol.go.th/wp-admin/post.php?post=2230&action=edit,256
ร่วมงาน 'วันต่อต้านคอร์รัปชั่นสากล',2231,http://kanchanaburi2.mol.go.th/wp-admin/post.php?post=2231&action=edit,257
'กาญจนบุรี' ผนึกทีม ตรวจบูรณาการสถานประกอบการ,2232,http://kanchanaburi2.mol.go.th/wp-admin/post.php?post=2232&action=edit,258
กาญจนบุรี ร่วมตรวจบูรณาการป้องกันการค้ามนุษย์ด้านแรงงาน,2233,http://kanchanaburi2.mol.go.th/wp-admin/post.php?post=2233&action=edit,259
ค่าจ้างขั้นต่ำ ปี 2561,2034,http://kanchanaburi2.mol.go.th/wp-admin/post.php?post=2034&action=edit,260
"ปิดเทอม-เปิดประสบการณ์ กระทรวงแรงงาน  ชวนน้องๆ ร่วมโครงการ ""ประชารัฐรวมพลัง  สร้างยุวแรงงาน",2035,http://kanchanaburi2.mol.go.th/wp-admin/post.php?post=2035&action=edit,261
โครงการจังหวัดเคลื่อนที่และโครงการคลีนิคมหาดไทย ครั้งที่ 3/2561,2234,http://kanchanaburi2.mol.go.th/wp-admin/post.php?post=2234&action=edit,262
เปิดโครงการสังคมสร้างสุข พลังสร้างชาติ ณ องค์การบริหารส่วนตำบลศรีมงคล อ.ไทรโยค จ.กาญจนบุรี,2235,http://kanchanaburi2.mol.go.th/wp-admin/post.php?post=2235&action=edit,263
ดำเนินโครงการสังคมสร้างสุข พลังสร้างชาติ,2236,http://kanchanaburi2.mol.go.th/wp-admin/post.php?post=2236&action=edit,264
ปิดโครงการสังคมสร้างสุข พลังสร้างชาติ จังหวัดกาญจนบุรี,2237,http://kanchanaburi2.mol.go.th/wp-admin/post.php?post=2237&action=edit,265
"""กระทรวงแรงงาน” คณะทำงานติดตามตรวจเยี่ยมป้องกัน ลดอุบัติเหตุ จุดตรวจหลักอำเภอทองผาภูมิ จังหวัดกาญจนบุรี",2238,http://kanchanaburi2.mol.go.th/wp-admin/post.php?post=2238&action=edit,266
จัดบริการประชาชน ช่วงเทศกาลปีใหม่,2239,http://kanchanaburi2.mol.go.th/wp-admin/post.php?post=2239&action=edit,267
รณรงค์ยาเสพติดสถานประกอบการ อำเภอด่านมะขามเตี้ย,2240,http://kanchanaburi2.mol.go.th/wp-admin/post.php?post=2240&action=edit,268
ร่วมหารือประชุม TBC ไทย-เมียนมา,2241,http://kanchanaburi2.mol.go.th/wp-admin/post.php?post=2241&action=edit,269
‘บริการประชาชน’ กับวันนัดพบแรงงาน,2242,http://kanchanaburi2.mol.go.th/wp-admin/post.php?post=2242&action=edit,270
เทิดพระเกียรติสมเด็จพระนเรศวรมหาราช,2243,http://kanchanaburi2.mol.go.th/wp-admin/post.php?post=2243&action=edit,271
ตรวจบูรณาการด้านแรงงาน,2244,http://kanchanaburi2.mol.go.th/wp-admin/post.php?post=2244&action=edit,272
จังหวัดเคลื่อนที่ อบต.แม่กระบุง จ.กาญจนบุรี,2245,http://kanchanaburi2.mol.go.th/wp-admin/post.php?post=2245&action=edit,273
พัฒนา เสริมสร้างอาสาสมัครแรงงานจังหวัดกาญจนบุรี,2246,http://kanchanaburi2.mol.go.th/wp-admin/post.php?post=2246&action=edit,274
สำนักงานแรงงานกาญจนบุรี ร่วมประชุม TBC ไทย-เมียนมา,2247,http://kanchanaburi2.mol.go.th/wp-admin/post.php?post=2247&action=edit,275
ร่วมประชุมศูนย์ช่วยเหลือผู้ประสบความเดือดร้อนด้านอาชีพจังหวัดกาญจนบุรี,2248,http://kanchanaburi2.mol.go.th/wp-admin/post.php?post=2248&action=edit,276
ร่วมตรวจบูรณาการด้านแรงงาน กิจการ บรรจุก๊าซหุงต้ม ผลิตน้ำแข็ง รีสอร์ท ปศุสัตว์,2249,http://kanchanaburi2.mol.go.th/wp-admin/post.php?post=2249&action=edit,277
รายงานสถานการณ์แรงงานจังหวัดกาญจนบุรีไตรมาส 3/2560,2352,http://kanchanaburi2.mol.go.th/wp-admin/post.php?post=2352&action=edit,278
รายงานสถานการณ์แรงงานจังหวัดกาญจนบุรี ไตรมาส 4/2560,2353,http://kanchanaburi2.mol.go.th/wp-admin/post.php?post=2353&action=edit,279
หนุนยุวแรงงาน !! ทำงานช่วงปิดเทอมได้ค่าแรง 40 บาท/ชม.,2036,http://kanchanaburi2.mol.go.th/wp-admin/post.php?post=2036&action=edit,280
ตำแหน่งงานว่าง เดือน มีนาคม 'จังหวัดกาญจนบุรี',2037,http://kanchanaburi2.mol.go.th/wp-admin/post.php?post=2037&action=edit,281
สถานการณ์การลักลอบไปทำงานที่ประเทศ เกาหลีใต้โดยการชักชวนผ่านสื่อออนไลน์ เพิ่มขึ้นทุกปี,2038,http://kanchanaburi2.mol.go.th/wp-admin/post.php?post=2038&action=edit,282
""" ทักษะแรงงาน "" เป็นหนึ่งปัจจัยที่ทำให้ประเทศไทยติดอันดับ",2039,http://kanchanaburi2.mol.go.th/wp-admin/post.php?post=2039&action=edit,283
คนที่ขาดส่งประกันสังคม ควรรู้,2040,http://kanchanaburi2.mol.go.th/wp-admin/post.php?post=2040&action=edit,284
สิทธิประกันสังคม,2041,http://kanchanaburi2.mol.go.th/wp-admin/post.php?post=2041&action=edit,285
สำนักงานแรงงาน จังหวัดกาญจนบุรี ร่วมสร้างสังคมคุณธรรม,2042,http://kanchanaburi2.mol.go.th/wp-admin/post.php?post=2042&action=edit,286
ร่วมตรวจบูรณาการด้านแรงงาน กิจการ อุปกรณ์รถยนต์ สวนกล้วยไม้และพฤกษศาสตร์ ผลิตอาหารสัตว์,2250,http://kanchanaburi2.mol.go.th/wp-admin/post.php?post=2250&action=edit,287
ประชุมพิจารณาร่างแผนยุทธศาสตร์ด้านแรงงาน พ.ศ.2562 - 2564,2251,http://kanchanaburi2.mol.go.th/wp-admin/post.php?post=2251&action=edit,288
รณรงค์ยาเสพติดสถานประกอบการ 'อำเภอท่าม่วง',2252,http://kanchanaburi2.mol.go.th/wp-admin/post.php?post=2252&action=edit,289
จังหวัดเคลื่อนที่ ตำบลไล่โว่ อำเภอสังขละบุรี,2253,http://kanchanaburi2.mol.go.th/wp-admin/post.php?post=2253&action=edit,290
โครงการแก้ไขปัญหาความเดือดร้อนด้านอาชีพ ต.ปากแพรก อ.เมือง กาญจนบุรี,2254,http://kanchanaburi2.mol.go.th/wp-admin/post.php?post=2254&action=edit,291
"กระทรวงแรงงานพร้อมใจร่วมพิธี ""แผ่นดินสมเด็จพระนั่งเกล้าเจ้าอยู่หัว""",2255,http://kanchanaburi2.mol.go.th/wp-admin/post.php?post=2255&action=edit,292
ผู้ตรวจราชการ (นายอภิญญา สุจริตตานันท์) นำทีมตรวจราชการจังหวัดกาญจนบุรี,2256,http://kanchanaburi2.mol.go.th/wp-admin/post.php?post=2256&action=edit,293
ร่วมตรวจบูรณาการด้านแรงงาน กิจการ โรงงานผลิตและส่งออกอาหารกระป๋องและสนามกอล์ฟ,2257,http://kanchanaburi2.mol.go.th/wp-admin/post.php?post=2257&action=edit,294
โครงการแก้ไขปัญหาความเดือดร้อนด้านอาชีพ ต.ดอนแสลบ อ.ห้วยกระเจา กาญจนบุรี,2258,http://kanchanaburi2.mol.go.th/wp-admin/post.php?post=2258&action=edit,295
ประชุมประชาพิจารณ์ ร่างแผนยุทธศาสตร์ด้านแรงงานจังหวัดกาญจนบุรี พ.ศ.2562 - 2564,2259,http://kanchanaburi2.mol.go.th/wp-admin/post.php?post=2259&action=edit,296
ร่วมกิจกรรมเนื่องในงานวันผู้สูงอายุแห่งชาติ ประจำปี 2561,2260,http://kanchanaburi2.mol.go.th/wp-admin/post.php?post=2260&action=edit,297
รายงานสถานการณ์แรงงานจังหวัดกาญจนบุรี รายปี 2560,2354,http://kanchanaburi2.mol.go.th/wp-admin/post.php?post=2354&action=edit,298
รายงานสถานการณ์แรงงานจังหวัดกาญจนบุรี ไตรมาส 1/2561,2355,http://kanchanaburi2.mol.go.th/wp-admin/post.php?post=2355&action=edit,299
สถานการณ์แรงงานไตมาส1 ปี 2561,2043,http://kanchanaburi2.mol.go.th/wp-admin/post.php?post=2043&action=edit,300
การไปทำงานต่างประเทศโดยไม่ถูกกฎหมายมีความเสี่ยง❗️,2044,http://kanchanaburi2.mol.go.th/wp-admin/post.php?post=2044&action=edit,301
ห่วงใยสุขภาพคนทำงานค่ะ,2045,http://kanchanaburi2.mol.go.th/wp-admin/post.php?post=2045&action=edit,302
สิทธิรับเงินชดเชยเมื่อถูกเลิกจ้าง,2046,http://kanchanaburi2.mol.go.th/wp-admin/post.php?post=2046&action=edit,303
ร่วมสร้างสังคมคุณธรรม จากสำนักงานแรงงานจังหวัดกาญจนบุรี,2047,http://kanchanaburi2.mol.go.th/wp-admin/post.php?post=2047&action=edit,304
ตรวจบูรณาการค้ามนุษย์ 24 เมษายน 2561,2261,http://kanchanaburi2.mol.go.th/wp-admin/post.php?post=2261&action=edit,305
พิธีถวายสักการะพระบรมราชานุสาวรีย์ สมเด็จพระนเรศวรมหาราช,2262,http://kanchanaburi2.mol.go.th/wp-admin/post.php?post=2262&action=edit,306
ออกบริการวันนัดพบแรงงาน จังหวัดกาญจนบุรี,2263,http://kanchanaburi2.mol.go.th/wp-admin/post.php?post=2263&action=edit,307
ประชุมหัวหน้าส่วนราชการสังกัดกระทรวงแรงงานจังหวัดกาญจนบุรี,2264,http://kanchanaburi2.mol.go.th/wp-admin/post.php?post=2264&action=edit,308
ประชุมหัวหน้าส่วนราชการจังหวัดกาญจนบุรี,2265,http://kanchanaburi2.mol.go.th/wp-admin/post.php?post=2265&action=edit,309
วันแรงงานแห่งชาติ,2266,http://kanchanaburi2.mol.go.th/wp-admin/post.php?post=2266&action=edit,310
ประมวลเรื่องราวการจัดกิจกรรมวันแรงงานแห่งชาติปี2561 จังหวัดกาญจนบุรี โดยสวท.กาญจนบุรี,2267,http://kanchanaburi2.mol.go.th/wp-admin/post.php?post=2267&action=edit,311
ประชุมพัฒนาศักยภาพการเชื่อมโยงระดับพื้นที่ กลุ่มจังหวัดภาคกลางตอนล่าง 1,2268,http://kanchanaburi2.mol.go.th/wp-admin/post.php?post=2268&action=edit,312
เพิ่มศักยภาพการลงทุนเขตพัฒนาเศรษฐกิจพิเศษ กาญจนบุรี,2269,http://kanchanaburi2.mol.go.th/wp-admin/post.php?post=2269&action=edit,313
พบประชาชนตามวิถีไทยนิยมยั่งยืน จังหวัดกาญจนบุรี,2270,http://kanchanaburi2.mol.go.th/wp-admin/post.php?post=2270&action=edit,314
ร่วมตรวจบูรณาการค้ามนุษย์ด้านแรงงาน กิจการโรงสีข้าว - สนามกอล์ฟ,2271,http://kanchanaburi2.mol.go.th/wp-admin/post.php?post=2271&action=edit,315
ประชุมแจงสิทธิประกันสังคม ม.40 เครือข่าย 9 จังหวัดภาคกลาง,2272,http://kanchanaburi2.mol.go.th/wp-admin/post.php?post=2272&action=edit,316
5 หน่วย แรงงาน กาญจนบุรี ร่วมประชุมศปก.รง ขับเคลื่อนนโยบายระดับพื้นที่,2273,http://kanchanaburi2.mol.go.th/wp-admin/post.php?post=2273&action=edit,317
กิจกรรมสันทนาการยามเช้า จังหวัดกาญจนบุรี,2274,http://kanchanaburi2.mol.go.th/wp-admin/post.php?post=2274&action=edit,318
โครงการจังหวัดเคลื่อนที่ ณ โรงเรียนบ้านหนองกร่าง อำเภอบ่อพลอย,2275,http://kanchanaburi2.mol.go.th/wp-admin/post.php?post=2275&action=edit,319
เตือน..!!!! นายจ้างรีบพาลูกจ้างต่างด้าวไปพิสูจน์สัญชาติกันนะค่ะ,2048,http://kanchanaburi2.mol.go.th/wp-admin/post.php?post=2048&action=edit,320
การดำเนินการโครงการเพิ่มศักยภาพผู้มีรายได้น้อยที่ลงทะเบียนสวัสดิการแห่งรัฐฯ,2049,http://kanchanaburi2.mol.go.th/wp-admin/post.php?post=2049&action=edit,321
วิธีคิด การทำตลาดออนไลน์,2050,http://kanchanaburi2.mol.go.th/wp-admin/post.php?post=2050&action=edit,322
นักขายออนไลน์ ขายให้ดี ขายให้ดัง ขายให้ปัง ทำการตลาดตามนี้เลยค่ะ,2051,http://kanchanaburi2.mol.go.th/wp-admin/post.php?post=2051&action=edit,323
ร่วมตรวจบูรณาการด้านแรงงาน กิจการโรงงานผลิตปุ๋ย,2276,http://kanchanaburi2.mol.go.th/wp-admin/post.php?post=2276&action=edit,324
ประชุมขับเคลื่อนเพื่อสร้างงาน สร้างอาชีพ เพิ่มรายได้และความมั่นคงในชีวิตแก่ผู้ลงทะเบียน,2277,http://kanchanaburi2.mol.go.th/wp-admin/post.php?post=2277&action=edit,325
กาญจนบุรี เดินหน้า สร้างงาน สร้างอาชีพ เพิ่มรายได้ ผู้มีสวัสกิการแห่งรัฐ อำเภอท่าม่วง,2278,http://kanchanaburi2.mol.go.th/wp-admin/post.php?post=2278&action=edit,326
ประชุมหัวหน้าส่วนราชการสังกัดกระทรวงแรงงาน ขับเคลื่อนภารกิจสำคัญ,2279,http://kanchanaburi2.mol.go.th/wp-admin/post.php?post=2279&action=edit,327
ประชุม Video Conference เร่งรัดพิสูจน์สัญชาติแรงงานต่างด้าว,2280,http://kanchanaburi2.mol.go.th/wp-admin/post.php?post=2280&action=edit,328
แรงงาน สาธารณสุข เดินหน้าส่งเสริม ชมรมทูบีนัมเบอร์วันในสถานประกอบการ,2281,http://kanchanaburi2.mol.go.th/wp-admin/post.php?post=2281&action=edit,329
ประชุมคณะกรรมการชายแดนท้องถิ่นไทย-เมียนมา,2282,http://kanchanaburi2.mol.go.th/wp-admin/post.php?post=2282&action=edit,330
ตรวจบูรณาการค้ามนุษย์ ประเภทกิจการวัสดุก่อสร้าง ผลิตกระดาษ และตลาดขายสินค้า,2283,http://kanchanaburi2.mol.go.th/wp-admin/post.php?post=2283&action=edit,331
ส่งเสริมชมรม To Be Numberone,2284,http://kanchanaburi2.mol.go.th/wp-admin/post.php?post=2284&action=edit,332
สุขุมาล ธนานันต์ แรงงานจังหวัดกาญจนบุรี บูรณาการนำภารกิจลงพื้นที่โครงการเพิ่มศักยภาพผู้มีรายได้น้อยฯ,2285,http://kanchanaburi2.mol.go.th/wp-admin/post.php?post=2285&action=edit,333
สุขุมาล ธนานันต์ แรงงานงานจังหวัดฯ ร่วมกิจกรรมจังหวัดเคลื่อนที่ ‘บริการ’สู่พี่น้องประชาชน ครั้งนี้ที่ ตำบลวังไผ่ อำเภอห้วยกระเจา,2286,http://kanchanaburi2.mol.go.th/wp-admin/post.php?post=2286&action=edit,334
สุขุมาล ธนานันต์ แรงงานจังหวัดกาญจนบุรี บูรณาการนำภารกิจลงพื้นที่โครงการเพิ่มศักยภาพผู้มีรายได้น้อยฯ วัดห้วยสะพาน อำเภอพนมทวน,2287,http://kanchanaburi2.mol.go.th/wp-admin/post.php?post=2287&action=edit,335
โครงการเพิ่มศักยภาพผู้มีรายได้น้อยที่ลงทะเบียนสวัสดิการแห่งรัฐ,2288,http://kanchanaburi2.mol.go.th/wp-admin/post.php?post=2288&action=edit,336
นางสุขุมาล ธนานันต์ แรงงานจังหวัดกาญจนบุรีให้ความรู้ความเข้าใจการบริหารจัดการการทำงานของคนต่างด้าว,2289,http://kanchanaburi2.mol.go.th/wp-admin/post.php?post=2289&action=edit,337
จัดโครงการสังคมสร้างสุข พลังสร้างชาติ จังหวัดกาญจนบุรี,2290,http://kanchanaburi2.mol.go.th/wp-admin/post.php?post=2290&action=edit,338
นางสุขุมาล ธนานันต์ แรงงานจังหวัดกาญจนบุรี พร้อมหัวหน้าส่วนราชการ เข้าบันทึกเทปถวายพระพรในโอกาสเฉลิมพระชนมพรรษา ๒๘ กรกฎาคม ๒๕๖๑,2291,http://kanchanaburi2.mol.go.th/wp-admin/post.php?post=2291&action=edit,339
สร้างงาน สร้างอาชีพ ให้กับชาวอำเภอเมืองกาญจนบุรี,2292,http://kanchanaburi2.mol.go.th/wp-admin/post.php?post=2292&action=edit,340
"นายจีระเกียรติ ภูมิสวัสดิ์ ผู้ว่าราชการจังหวัดกาญจนบุรี สร้างการรับรู้ภารกิจ กิจกรรม ""สันทนาการยามเช้า""",2293,http://kanchanaburi2.mol.go.th/wp-admin/post.php?post=2293&action=edit,341
โครงการเสริมสร้างศักยภาพ สร้างงาน สร้างอาชีพ ให้กับชาวอำเภอเมืองกาญจนบุรี,2294,http://kanchanaburi2.mol.go.th/wp-admin/post.php?post=2294&action=edit,342
เดินหน้าสร้างงาน สร้างอาชีพ เพิ่มรายได้ ผู้มีบัตรสวัสดิการแห่งรัฐ,2295,http://kanchanaburi2.mol.go.th/wp-admin/post.php?post=2295&action=edit,343
วันสมเด็จพระนารายณ์มหาราช,2296,http://kanchanaburi2.mol.go.th/wp-admin/post.php?post=2296&action=edit,344
ประชุมหัวหน้าส่วนราชการจังหวัดกาญจนบุรี ครั้งที่ 7/2561,2297,http://kanchanaburi2.mol.go.th/wp-admin/post.php?post=2297&action=edit,345
โครงการเพิ่มศักยภาพผู้มีรายได้น้อยที่ลงทะเบียนบัตรสวัสดิการแห่งรัฐฯ (อำเภอสังขละบุรี),2298,http://kanchanaburi2.mol.go.th/wp-admin/post.php?post=2298&action=edit,346
โครงการเพิ่มศักยภาพผู้มีรายได้น้อยที่ลงทะเบียนบัตรสวัสดิการแห่งรัฐฯ (อำเภอด่านมะขามเตี้ย),2299,http://kanchanaburi2.mol.go.th/wp-admin/post.php?post=2299&action=edit,347
โครงการเพิ่มศักยภาพผู้มีรายได้น้อยที่ลงทะเบียนบัตรสวัสดิการแห่งรัฐฯ (อำเภอท่ามะกา),2300,http://kanchanaburi2.mol.go.th/wp-admin/post.php?post=2300&action=edit,348
ประชุมคณะอนุกรรมการพิจารณาอัตราค่าจ้างขั้นต่ำ,2301,http://kanchanaburi2.mol.go.th/wp-admin/post.php?post=2301&action=edit,349
งานน้อมรำลึกในพระมหากรุณาธิคุณ สมเด็จพระศรีนครินทราบรมราชชนนี,2302,http://kanchanaburi2.mol.go.th/wp-admin/post.php?post=2302&action=edit,350
บูรณาการเร่งรัดขับเคลื่อนเพิ่มศัยภาพผู้มีบัตรสวัสดิการแห่งรัฐฯ,2303,http://kanchanaburi2.mol.go.th/wp-admin/post.php?post=2303&action=edit,351
ผู้ตรวจราชการติดตามผลการปฏิบัติงาน หน่วยงานกระทรวงแรงงานกาญจนบุรี,2304,http://kanchanaburi2.mol.go.th/wp-admin/post.php?post=2304&action=edit,352
โครงการเพิ่มศักยภาพผู้มีรายได้น้อยที่ลงทะเบียนบัตรสวัสดิการแห่งรัฐฯ (อำเภอเมืองกาญจนบุรี),2305,http://kanchanaburi2.mol.go.th/wp-admin/post.php?post=2305&action=edit,353
โครงการเพิ่มศักยภาพผู้มีรายได้น้อยที่ลงทะเบียนบัตรสวัสดิการแห่งรัฐฯ (อำเภอบ่อพลอย),2306,http://kanchanaburi2.mol.go.th/wp-admin/post.php?post=2306&action=edit,354
โครงการเพิ่มศักยภาพผู้มีรายได้น้อยที่ลงทะเบียนบัตรสวัสดิการแห่งรัฐฯ (อำเภอไทรโยค),2307,http://kanchanaburi2.mol.go.th/wp-admin/post.php?post=2307&action=edit,355
หน่วยงานสังกัดกระทรวงแรงงานร่วมกิจกรรมตักบาตรข้าวสารอาหารแห้ง,2308,http://kanchanaburi2.mol.go.th/wp-admin/post.php?post=2308&action=edit,356
แรงงานจังหวัดกาญจนบุรีร่วมเวียนเทียนเนื่องในวันอาสาฬหบูชา,2309,http://kanchanaburi2.mol.go.th/wp-admin/post.php?post=2309&action=edit,357
หัวหน้าส่วนราชการสังกัดกระทรวงแรงงานร่วมกิจกรรมเนื่องในวโรกาสวันเฉลิมพระชนมพรรษา สมเด็จพระเจ้าอยู่หัวฯ,2310,http://kanchanaburi2.mol.go.th/wp-admin/post.php?post=2310&action=edit,358
หัวหน้าส่วนราชการสังกัดกระทรวงแรงงานร่วมวางพานพุ่มถวายสักการะเนื่องในวันเฉลิมพระชนมพรรษาฯ,2311,http://kanchanaburi2.mol.go.th/wp-admin/post.php?post=2311&action=edit,359
โครงการเพิ่มศักยภาพผู้มีรายได้น้อยที่ลงทะเบียนบัตรสวัสดิการแห่งรัฐฯ (อำเภอพนมทวน),2312,http://kanchanaburi2.mol.go.th/wp-admin/post.php?post=2312&action=edit,360
โครงการเพิ่มศักยภาพผู้มีรายได้น้อยที่ลงทะเบียนบัตรสวัสดิการแห่งรัฐฯ (อำเภอท่าม่วง),2313,http://kanchanaburi2.mol.go.th/wp-admin/post.php?post=2313&action=edit,361
โครงการเพิ่มศักยภาพผู้มีรายได้น้อยที่ลงทะเบียนบัตรสวัสดิการแห่งรัฐฯ (อำเภอพนมทวน),2314,http://kanchanaburi2.mol.go.th/wp-admin/post.php?post=2314&action=edit,362
โครงการเพิ่มศักยภาพผู้มีรายได้น้อยที่ลงทะเบียนบัตรสวัสดิการแห่งรัฐฯ (อำเภอหนองปรือ),2315,http://kanchanaburi2.mol.go.th/wp-admin/post.php?post=2315&action=edit,363
โครงการเพิ่มศักยภาพผู้มีรายได้น้อยที่ลงทะเบียนบัตรสวัสดิการแห่งรัฐฯ (อำเภอไทรโยค),2316,http://kanchanaburi2.mol.go.th/wp-admin/post.php?post=2316&action=edit,364
โครงการเพิ่มศักยภาพผู้มีรายได้น้อยที่ลงทะเบียนบัตรสวัสดิการแห่งรัฐฯ (อำเภอท่ามะกา),2317,http://kanchanaburi2.mol.go.th/wp-admin/post.php?post=2317&action=edit,365
โครงการเพิ่มศักยภาพผู้มีรายได้น้อยที่ลงทะเบียนบัตรสวัสดิการแห่งรัฐฯ (อำเภอบ่อพลอย),2318,http://kanchanaburi2.mol.go.th/wp-admin/post.php?post=2318&action=edit,366
โครงการเพิ่มศักยภาพผู้มีรายได้น้อยที่ลงทะเบียนบัตรสวัสดิการแห่งรัฐฯ (อำเภอเมืองกาญจนบุรี),2319,http://kanchanaburi2.mol.go.th/wp-admin/post.php?post=2319&action=edit,367
โครงการเพิ่มศักยภาพผู้มีรายได้น้อยที่ลงทะเบียนบัตรสวัสดิการแห่งรัฐฯ (อำเภอไทรโยค),2320,http://kanchanaburi2.mol.go.th/wp-admin/post.php?post=2320&action=edit,368
โครงการเพิ่มศักยภาพผู้มีรายได้น้อยที่ลงทะเบียนบัตรสวัสดิการแห่งรัฐฯ (อำเภอไทรโยค),2321,http://kanchanaburi2.mol.go.th/wp-admin/post.php?post=2321&action=edit,369
โครงการเพิ่มศักยภาพผู้มีรายได้น้อยที่ลงทะเบียนบัตรสวัสดิการแห่งรัฐฯ (อำเภอไทรโยค),2322,http://kanchanaburi2.mol.go.th/wp-admin/post.php?post=2322&action=edit,370
โครงการเพิ่มศักยภาพผู้มีรายได้น้อยที่ลงทะเบียนบัตรสวัสดิการแห่งรัฐฯ (อำเภอท่ามะกา),2323,http://kanchanaburi2.mol.go.th/wp-admin/post.php?post=2323&action=edit,371
โครงการเพิ่มศักยภาพผู้มีรายได้น้อยที่ลงทะเบียนบัตรสวัสดิการแห่งรัฐฯ (อำเภอห้วยกระเจา),2324,http://kanchanaburi2.mol.go.th/wp-admin/post.php?post=2324&action=edit,372
โครงการเพิ่มศักยภาพผู้มีรายได้น้อยที่ลงทะเบียนบัตรสวัสดิการแห่งรัฐฯ (อำเภอห้วยกระเจา),2325,http://kanchanaburi2.mol.go.th/wp-admin/post.php?post=2325&action=edit,373
โครงการเพิ่มศักยภาพผู้มีรายได้น้อยที่ลงทะเบียนบัตรสวัสดิการแห่งรัฐฯ (อำเภอด่านมะขามเตี้ย),2326,http://kanchanaburi2.mol.go.th/wp-admin/post.php?post=2326&action=edit,374
โครงการเพิ่มศักยภาพผู้มีรายได้น้อยที่ลงทะเบียนบัตรสวัสดิการแห่งรัฐฯ (อำเภอพนมทวน),2327,http://kanchanaburi2.mol.go.th/wp-admin/post.php?post=2327&action=edit,375
โครงการเพิ่มศักยภาพผู้มีรายได้น้อยที่ลงทะเบียนบัตรสวัสดิการแห่งรัฐฯ (อำเภอสังขละบุรี),2328,http://kanchanaburi2.mol.go.th/wp-admin/post.php?post=2328&action=edit,376
โครงการเพิ่มศักยภาพผู้มีรายได้น้อยที่ลงทะเบียนบัตรสวัสดิการแห่งรัฐฯ (อำเภอบ่อพลอย),2329,http://kanchanaburi2.mol.go.th/wp-admin/post.php?post=2329&action=edit,377
โครงการเพิ่มศักยภาพผู้มีรายได้น้อยที่ลงทะเบียนบัตรสวัสดิการแห่งรัฐฯ (อำเภอทองผาภูมิ),2330,http://kanchanaburi2.mol.go.th/wp-admin/post.php?post=2330&action=edit,378
โครงการเพิ่มศักยภาพผู้มีรายได้น้อยที่ลงทะเบียนบัตรสวัสดิการแห่งรัฐฯ (อำเภอพนมทวน),2331,http://kanchanaburi2.mol.go.th/wp-admin/post.php?post=2331&action=edit,379
โครงการเพิ่มศักยภาพผู้มีรายได้น้อยที่ลงทะเบียนบัตรสวัสดิการแห่งรัฐฯ (อำเภอศรีสวัสดิ์),2332,http://kanchanaburi2.mol.go.th/wp-admin/post.php?post=2332&action=edit,381
โครงการเพิ่มศักยภาพผู้มีรายได้น้อยที่ลงทะเบียนบัตรสวัสดิการแห่งรัฐฯ (อำเภอบ่อพลอย),2333,http://kanchanaburi2.mol.go.th/wp-admin/post.php?post=2333&action=edit,382
โครงการเพิ่มศักยภาพผู้มีรายได้น้อยที่ลงทะเบียนบัตรสวัสดิการแห่งรัฐฯ (อำเภอเลาขวัญ),2334,http://kanchanaburi2.mol.go.th/wp-admin/post.php?post=2334&action=edit,383
โครงการเพิ่มศักยภาพผู้มีรายได้น้อยที่ลงทะเบียนบัตรสวัสดิการแห่งรัฐฯ (อำเภอหนองปรือ),2335,http://kanchanaburi2.mol.go.th/wp-admin/post.php?post=2335&action=edit,384
รายงานสถานการณ์แรงงานจังหวัดกาญจนบุรี ไตรมาส 2/2561,2356,http://kanchanaburi2.mol.go.th/wp-admin/post.php?post=2356&action=edit,385
