TITLE,DESCRIPTION,FILE,YOUTUBE
ประชุมเพื่อเตรียมความพร้อมก่อนไปร่วมกับสหภาพยุโรป(EU),,,
ประชุมเพื่อเตรียมความพร้อมก่อนไปร่วมกับสหภาพยุโรป(EU),,,
ประชุมเพื่อเตรียมความพร้อมก่อนไปร่วมกับสหภาพยุโรป(EU),,,
ประชุมเพื่อเตรียมความพร้อมก่อนไปร่วมกับสหภาพยุโรป(EU),,,
ประชุมเพื่อเตรียมความพร้อมก่อนไปร่วมกับสหภาพยุโรป(EU),,,
ประชุมเพื่อเตรียมความพร้อมก่อนไปร่วมกับสหภาพยุโรป(EU),,,
ประชุมเพื่อเตรียมความพร้อมก่อนไปร่วมกับสหภาพยุโรป(EU),,,
ประชุมเพื่อเตรียมความพร้อมก่อนไปร่วมกับสหภาพยุโรป(EU),,,
ประชุมเพื่อเตรียมความพร้อมก่อนไปร่วมกับสหภาพยุโรป(EU),,,
การประชุมเพื่อเตรียมความพร้อมก่อนเข้าร่วมกับสหภาพยุโรป,,,
การประชุมเพื่อเตรียมความพร้อมก่อนเข้าร่วมกับสหภาพยุโรป,,,
การประชุมเพื่อเตรียมความพร้อมก่อนเข้าร่วมกับสหภาพยุโรป,,,
การประชุมเพื่อเตรียมความพร้อมก่อนเข้าร่วมกับสหภาพยุโรป,,,
การประชุมเพื่อเตรียมความพร้อมก่อนเข้าร่วมกับสหภาพยุโรป,,,
การประชุมเพื่อเตรียมความพร้อมก่อนเข้าร่วมกับสหภาพยุโรป,,,
การประชุมเพื่อเตรียมความพร้อมก่อนเข้าร่วมกับสหภาพยุโรป,,,
การประชุมเพื่อเตรียมความพร้อมก่อนเข้าร่วมกับสหภาพยุโรป,,,
การประชุมเพื่อเตรียมความพร้อมก่อนเข้าร่วมกับสหภาพยุโรป,,,
การประชุมเพื่อเตรียมความพร้อมก่อนเข้าร่วมกับสหภาพยุโรป,,,
การประชุมเพื่อเตรียมความพร้อมก่อนเข้าร่วมกับสหภาพยุโรป,,,
การประชุมเพื่อเตรียมความพร้อมก่อนเข้าร่วมกับสหภาพยุโรป,,,
การประชุมเพื่อเตรียมความพร้อมก่อนเข้าร่วมกับสหภาพยุโรป,,,
การประชุมเพื่อเตรียมความพร้อมก่อนเข้าร่วมกับสหภาพยุโรป,,,
การประชุมเพื่อเตรียมความพร้อมก่อนเข้าร่วมกับสหภาพยุโรป,,,
การประชุมเพื่อเตรียมความพร้อมก่อนเข้าร่วมกับสหภาพยุโรป,,,
การประชุมเพื่อเตรียมความพร้อมก่อนเข้าร่วมกับสหภาพยุโรป,,,
การประชุมเพื่อเตรียมความพร้อมก่อนเข้าร่วมกับสหภาพยุโรป,,,
การประชุมเพื่อเตรียมความพร้อมก่อนเข้าร่วมกับสหภาพยุโรป,,,
การประชุมเพื่อเตรียมความพร้อมก่อนเข้าร่วมกับสหภาพยุโรป,,,
การประชุมเพื่อเตรียมความพร้อมก่อนเข้าร่วมกับสหภาพยุโรป,,,
การประชุมเพื่อเตรียมความพร้อมก่อนเข้าร่วมกับสหภาพยุโรป,,,
การประชุมเพื่อเตรียมความพร้อมก่อนเข้าร่วมกับสหภาพยุโรป,,,
การประชุมเพื่อเตรียมความพร้อมก่อนเข้าร่วมกับสหภาพยุโรป,,,
การประชุมเพื่อเตรียมความพร้อมก่อนเข้าร่วมกับสหภาพยุโรป,,,
การประชุมเพื่อเตรียมความพร้อมก่อนเข้าร่วมกับสหภาพยุโรป,,,
การประชุมเพื่อเตรียมความพร้อมก่อนเข้าร่วมกับสหภาพยุโรป,,,
การประชุมเพื่อเตรียมความพร้อมก่อนเข้าร่วมกับสหภาพยุโรป,,,
การประชุมเพื่อเตรียมความพร้อมก่อนเข้าร่วมกับสหภาพยุโรป,,,
การประชุมเพื่อเตรียมความพร้อมก่อนเข้าร่วมกับสหภาพยุโรป,,,
การประชุมเพื่อเตรียมความพร้อมก่อนเข้าร่วมกับสหภาพยุโรป,,,
การเตรียมความพร้อมก่อนไปร่วมกับสหภาพยุโรป,,,
